Video Name,Channel ID,Views,Likes,Dislikes,Comments,Time of Uploading,Category
BARU! Keju Cheddar Anchor dari New Zealand,UCfDpWxtKc_PBOXr7gPLXLrQ,24928443,32,0,5,2023-05-16T03:21:41Z,People & Blogs
"CHHAKKA PANJA (Full Movie) - Superhit Nepali Full Movie Ft. Deepakraj Giri, Priyanka Karki",UCrzyJYtjLOTfnUur8hsr7ow,22639285,120531,0,7473,2017-01-13T01:37:07Z,Film & Animation
DREAMS (Full Movie) Anmol KC | Samragyee RL Shah | New Nepali Superhit Full Movie,UCrzyJYtjLOTfnUur8hsr7ow,16144028,125884,0,6735,2016-09-09T16:55:30Z,Film & Animation
"Bhairav || à¤­à¥à¤°à¤¬ || Nepali Action Movie || Nikhil Upreti, Anu Shah, Murali Dhar,Jay Kishan Basnet,",UCNR1KcWXj7zpWQFJtU3ddYg,11888301,92724,0,3836,2016-06-15T18:15:01Z,Film & Animation
å¥³å­©ä¸çµæ¢¯é­ç·å­©æ¶æå³åï¼ä»çµæ¢¯æä¸æ¥ãå¥³å­©å¦å¦ï¼äººæ²¡æ¾å°æ¥è­¦,UCUbw50S9E4dRDq8whoUGtsA,8537098,85433,0,2488,2023-06-17T23:00:24Z,People & Blogs
The Grand Old Duke of York in HD | Nursery Rhymes and Songs for Kids by Songs with Simon,UCBfYm4CdlUBDZd83SVIZM6Q,7822151,12428,0,0,2014-04-11T07:43:01Z,Music
Smart Dog Adopts a Baby Cheetah!2/3#shorts #fantasy  #storytime,UCLWsxohUpMUpzMGGhhMUcFg,5561588,261601,0,552,2023-06-02T14:32:00Z,Film & Animation
"HIT NEPALI MOVIE || LOOTERA || à¤²à¥à¤à¥à¤°à¤¾ || Nikhil Upreti ,Nisha Adhikari",UCNR1KcWXj7zpWQFJtU3ddYg,4494839,26275,0,1689,2016-09-08T02:15:00Z,Film & Animation
"SETO BAGH | New Nepali Full Movie 2016 | Nir Shah, Raja Ram Paudel, Shyam Ria",UCrzyJYtjLOTfnUur8hsr7ow,3397724,21390,0,1257,2016-06-10T10:17:49Z,Film & Animation
"SHAKUNTALA | Nepali Full Movie 2017/2074 Ft. Rajesh Hamal, Kishor Khatiwada, Rabindra Basnet",UCrzyJYtjLOTfnUur8hsr7ow,2274988,11701,0,717,2017-05-19T06:17:12Z,Film & Animation
"MAANLE MAANLAI CHHUNCHHA | Nepali Lovestory Full Movie | Suman Singh, Garima Pant",UCrzyJYtjLOTfnUur8hsr7ow,1854745,9566,0,468,2016-01-28T12:31:24Z,Film & Animation
å¨æ°é¦æµé¡ºæ» NestlÃ© ç«å±±çéªç³,UCjypvMUkHymPHE-P-QQ9Ttw,1816796,147,0,8,2022-01-19T04:49:08Z,People & Blogs
Meray Hi Rehna Episode 58 | 31st July 2023 (English Subtitles) | ARY Digital Drama,UC4JCksJF76g_MdzPVBJoC3Q,1659355,23823,0,578,2023-07-31T17:21:08Z,Entertainment
Dogman | FREE Full Horror Movie,UCu0bxC7vG_HKWJ7ijO9QKwg,1504584,5620,0,153,2016-07-02T15:30:00Z,Film & Animation
Top 10 Hardest Punchers In Boxing (circa 2020) | GP,UCSAKHhhVMjKZxApVg5nfuYw,1489336,10560,0,966,2020-03-26T18:31:29Z,Sports
"PAUJU | New Nepali Action Full Movie Pauju Ft. Biraj Bhatta, Priya Rijal",UCrzyJYtjLOTfnUur8hsr7ow,1313223,6710,0,338,2014-10-09T10:49:24Z,Film & Animation
"din bhar ki khabar | news of the day, hindi news india |top news | Rahul Bharat jodo yatra #dblive",UCBbpLKJLhIbDd_wX4ubU_Cw,1138814,16051,0,442,2023-07-31T14:03:27Z,News & Politics
ÙØ¶ÙØª 24 Ø³Ø§Ø¹Ù Ø¹ÙÙ Ø§ÙØ±Ø§ÙØ¹Ù ð­,UCmWV4bvAO4vUQtRZayT1usw,1137532,83974,0,10947,2023-07-31T16:10:20Z,Howto & Style
Karvai ( Official Video ) | Guri Sekhon | Latest Punjabi Songs 2022 | Yaariyan Productions,UClbwtVD-vbF2WVxo3X3OdIw,1065477,21566,0,3772,2022-01-20T04:22:41Z,People & Blogs
FORTNITE UNVAULTED BOWS!,UC-sjC5fKKsrpcZRJwlZJzZQ,1060774,91491,0,1705,2022-02-22T15:31:55Z,Gaming
Fortnite Season 4 BATTLEPASS is EPIC!,UC-sjC5fKKsrpcZRJwlZJzZQ,914672,35623,0,2550,2022-09-18T09:13:50Z,Gaming
Cyberpunk 2077 Just Got a 40GB New Update &amp; DLC,UCLdPUOIBv-O0mTWtUBaQNtg,898474,17402,0,1743,2022-09-09T01:51:08Z,Gaming
Why Dogs Eat Grass and 33 Jaw-Dropping Facts,UC4rlAVgAK0SGk-yTfe48Qpw,889060,18424,0,717,2020-02-12T17:00:12Z,Howto & Style
Fun Farm Animal Toys and Wild Zoo Animal Toys - Cow Horse Goat,UCL7UTQpJbDWxzXNBRUyg6lA,775621,1057,0,0,2020-06-30T14:30:00Z,Entertainment
Deadly Ambush - Marine Disobeys Orders &amp; Is Awarded the Medal of Honor,UCl3SuH2Ue044b7ACX1syk4A,615654,16549,0,1245,2021-11-19T19:57:03Z,Education
Combo hoÃ n háº£o nÃ o THAY THáº¾ CHO VECTOR ÄÃI!? | Cáº¨M NANG LÃN TRÃNH FREE FIRE #2,UCKgALVAg70mbC4SwhkyhvRw,560731,7063,0,233,2021-04-24T11:56:53Z,Gaming
The Spider-Man Actor Who Plays Ned Leeds Got Totally Ripped,UCP1iRaFlS5EYjJBryFV9JPw,558900,11801,0,857,2020-10-11T23:00:04Z,Entertainment
Orca Wardrobe Malfunction,UC-MQX5lkRIkpnyqLnS92obg,490751,606,0,9,2023-03-13T13:13:09Z,Pets & Animals
"[#ëí¼ìì°ë¤] ì¤ë ì±ë¹ì´ ë¨¹ì ê²ì ììë³´ì. íë²ê±° 2ê°, ì¤ì½ 1ê°, ëë 12ê°, í¼ì 1í... ê·¸ë§ ììë³´ì. | #ì¤ì±ë¹ #ë¨¹ë°© MBC230728ë°©ì¡",UCiwQRG2sCcfjKkgxMEdJGPg,486912,3165,0,274,2023-07-31T07:29:12Z,Comedy
çå±ææ¡ï½ä¸­å½é²ç«å·²è¿å¥éçæ§åæé¶æ®µï¼éæ¶å¯è½å´©æº20221107,UCBKDRq35-L8xev4O7ZqBeLg,462207,8512,0,2275,2022-11-07T12:00:11Z,People & Blogs
BAIM SAMPE MINDER LIAT ISI BRANGKAS NIKITA MIRZANI,UC5xAPCVizxOfnMECMXkal2Q,473037,16911,0,822,2023-07-31T12:31:14Z,Entertainment
Vtubing last week in 60 seconds #shorts,UCnELQoXoROOqAVnCK4fW9RA,435062,43561,0,308,2023-06-04T19:32:17Z,Comedy
"EXPOSING SCAMMER AFTER $82,670 STOLEN FROM DREAM CAR PROJECT",UCj_ARBxhCoF5JxUItcEUs7Q,436144,29006,0,2229,2023-07-31T13:00:44Z,Autos & Vehicles
The Mystery Of The Dysfunctional Lift | CID (Bengali) - Ep 1429 | Full Episode | 30 July 2023,UCBz9qbqujcjIavFmBJW2oZw,434106,7983,0,308,2023-07-30T16:45:03Z,Entertainment
à®à®à¯à®à®³à¯à®à¯à®à¯ à®à®®à®¾à®±à¯à®±à®®à¯ à®¨à®¿à®à¯à®à®¿à®¯à®®à¯ à®¤à®¾à®©à¯ à®µà®¿à®à®¯à®¾.. ð | Siragadikka Aasai | Episode Preview,UCvrhwpnp2DHYQ1CbXby9ypQ,431098,3583,0,54,2023-07-31T14:48:26Z,Entertainment
THIS WAS THE MOST CHAOTIC AAU GAME I&#39;VE EVER COACHED!,UCkNB_lQah9MLniBLlk97iBw,433525,61432,0,2376,2023-07-31T21:24:32Z,Gaming
WATCH LIVE: Lori Vallow Daybell âDoomsday Cultâ Mom Triple Murder â Sentencing,UCz8K1occVvDTYDfFo7N5EZw,421584,5379,0,424,2023-07-31T19:45:28Z,Entertainment
EXCLUSIVO! Mauro Cezar: &quot;a JUSTIFICATIVA que o Pedro DEU ao Flamengo pela AUSÃNCIA no treino foi...&quot;,UCv-Nx8pSfG_LxbViMz14RWQ,400840,20684,0,2462,2023-07-31T16:29:08Z,Sports
Christian Bautista and wife Kat Ramnani reveal a secret in their home | PEP Celeb Homes,UCa8MtLLIPmmC4iUTDwQJSCQ,396605,3246,0,208,2020-01-11T14:11:49Z,News & Politics
Guardian Shield vs. Ex-Caliber Rifle,UCXrExb1m3VjR0m1_l9luxRQ,396102,17302,0,59,2023-01-03T22:33:28Z,Gaming
IRON MAN 4 Is About To Shock You,UC1BJTOC2ar_cIsaI4ggSq1Q,375684,5910,0,317,2022-01-24T18:39:00Z,Film & Animation
Top 10 MythBusters (PUBG MOBILE &amp; BGMI) Tips and Tricks 1.9 Update PUBG Myths #15 Secret Room &amp; Bike,UCnrIE3mxTT9MshO8JTzuxeg,374287,24845,0,627,2022-03-30T06:31:09Z,Gaming
à¦à¦¾à¦à§à¦à§à§à¦¾à¦° à¦¹à¦¾à¦à¦°à§ à¦¬à§à§à¦¾à¦¤à§ à¦à¦¿à§à§ à¦à§à¦°à§à¦ªà§à¦¤à¦¾à¦° à§©à§ª à¦¶à¦¿à¦à§à¦·à¦¾à¦°à§à¦¥à§ | Tanguar Haor | BUET | Channel 24,UCHLqIOMPk20w-6cFgkA90jw,368540,5556,0,883,2023-07-31T14:00:35Z,News & Politics
Rooz FORDERT Monte HERAUS.. ð¤¦ð»ââï¸ð¬ KuchenTV Reaktion | MontanaBlack Reaktion,UCo6utge9KpJI61gXe7ngUJQ,376394,15845,0,655,2023-07-31T15:00:23Z,Entertainment
"Coming Soon | Ft. Kubra Khan, Ramsha Khan, Gohar Rasheed, Talha Chahour",UCe9JSDmyqNgA_l2BzGHq1Ug,362283,5566,0,172,2023-07-31T15:15:00Z,Entertainment
"Amsterdam(Europe) Mein Ek Galti Ki Wajah Se â¹70,000 Ka Challan..ð­ |Delhi To London By Road| #EP-76",UCYUq_wB2ieVws9K4kmjWcaQ,387849,34265,0,1245,2023-08-01T03:30:26Z,Travel & Events
Goodbye...,UCTgQTM6B97Tk5FPNOWZMB1Q,334535,14842,0,1373,2022-12-03T11:45:20Z,Gaming
Harleen Has Returned | Udaariyaan,UCLNItyVW0epTrMVA3DxQglg,345621,3656,0,19,2023-07-31T12:15:00Z,Entertainment
Deshhit: à¤à¥à¤¤ à¤à¤¯à¤¾ à¤­à¤¾à¤°à¤¤ ! à¤à¤ª à¤¸à¥ à¤°à¤¹à¥ à¤¹à¥à¤à¤à¥ à¤à¤° à¤à¤à¤¦à¥à¤°à¤¯à¤¾à¤¨-3 à¤à¤®à¤¾à¤² à¤à¤° à¤à¥à¤à¤¾ à¤¹à¥à¤à¤¾ | Chandrayaan-3 Reached Moon,UCIvaYmXn910QMdemBG3v1pQ,420876,4054,0,125,2023-07-31T16:27:02Z,News & Politics
Awesome Change to Brimstone and Omen,UCrfyyS0SKv_HAeP7v9qkFYA,405562,14506,0,88,2023-04-25T18:37:25Z,Gaming
Uncle Roger make ADOBO  (Part 1),UCSd6xd7dKy9mb0JhHGpyOIQ,414872,41834,0,455,2023-07-31T18:30:59Z,People & Blogs
"Anju Pakistan News: à¤à¤à¤à¥ à¤à¥ à¤¸à¤¾à¤¥ à¤¹à¥à¤¨à¥ à¤µà¤¾à¤²à¤¾ à¤¹à¥ à¤à¥à¤², à¤à¤¬ à¤à¤¾à¤à¤à¥ à¤à¥à¤²! | Nasrullah |  Love Story | R Bharat",UC7wXt18f2iA3EDXeqAVuKng,394784,0,0,0,2023-08-01T01:35:25Z,News & Politics
ÐÐÐÐÐ ÐÐÐ Ð§ÐÐ ÐÐ Ð¡ÐÐÐ£Ð® ÐÐ«Ð¡ÐÐÐ£Ð® Ð¡Ð¢ÐÐÐÐ£ Ð ÐÐÐÐ£Ð§Ð 50.000 Ð Ð£ÐÐÐÐ,UCOIRN19VunfPaW7ZfmOKeoQ,370707,36807,0,496,2023-07-31T15:23:11Z,Sports
Carmelo Anthony Signs With Lakers! Patty Mills to Nets! 2021 NBA Free Agency,UCnzbVkknmqhRqUKg7RDTDeg,351733,15091,0,1340,2021-08-03T19:29:51Z,Sports
What Should To Be In Poppy Playtime | Chapter 2 | Daddy Long Legs | Character Concepts,UCcIThWzoqiN_5RejTHB25hQ,302853,4995,0,205,2022-03-31T20:30:09Z,Gaming
Why McLaren has failed to match Ferrari&#39;s step up in F1 2022,UCaTxfj0BzL-MaCy-YUqPRoQ,301871,7866,0,718,2022-06-22T13:01:59Z,Sports
WE&#39;RE GOING TO THE MOON!,UC2msEzmNU3Um7KF2EnXJBFA,292810,14288,0,1655,2022-04-21T11:58:30Z,Entertainment
à®¨à¯à®à¯à® feel à®ªà®©à¯à®©à®¾à®¤à¯à®à¯à® à®®à¯à®¤à¯à®¤à®´à®à¯.. à®ªà¯à®®à®¿ à®à®à¯à®à®³à¯à®à¯à®à¯ à®¤à®¾à®©à¯.. ð| Muthazhagu | Episode Preview,UCvrhwpnp2DHYQ1CbXby9ypQ,299558,2510,0,24,2023-07-31T13:24:51Z,Entertainment
INIYA Serial | Episode 205 Promo | à®à®©à®¿à®¯à®¾ | Alya Manasa | Saregama TV Shows Tamil,UCtrovMbRR6h_XLMfdbhqb1A,300587,4019,0,88,2023-07-31T16:00:28Z,Entertainment
ZORO VS SANJI (ft. @bdalawofficial ),UC2msEzmNU3Um7KF2EnXJBFA,289865,18034,0,1266,2022-05-23T11:55:01Z,Entertainment
#Overview à¸à¸£à¸°à¸à¸³à¸§à¸±à¸à¸à¸µà¹ 31 à¸à¸£à¸à¸à¸²à¸à¸¡ 2566,UCpHTAE2EOwWkWGnW2HY8gRw,289230,8216,0,587,2023-07-31T11:35:24Z,News & Politics
Everything Is Rockstar&#39;s Fault. I Am Perfect. - GTA Online,UCV6mNrW8CrmWtcxWfQXy11g,281347,15407,0,1059,2021-01-13T13:36:35Z,Gaming
Scientists May Have Turned Back the Arrow of Time,UC4rlAVgAK0SGk-yTfe48Qpw,257601,6655,0,488,2020-01-07T11:00:05Z,Howto & Style
FORTNITE YOUTUBE TRIVIA (95% fail rate),UCIOrUVVyfoWnmcwG6IwCULQ,246831,10518,0,321,2022-01-21T10:40:15Z,Gaming
ãä½ æ¯æçè£èãåæ¬¾ãåææäººãç¬¬53é | å¶çªä¸ºäºåºæ¿ç±³æµææä¸»å¨äº²å»è§äº®ï¼ä¸»æ¼ï¼åå«£ãRainãè¿ªä¸½ç­å·´ãç½æï¼ï½Diamond Lover,UC0jYsshDZfOBZC9nIJn94Cg,240718,593,0,122,2018-10-09T08:27:25Z,Entertainment
"FULL VIDEO | RadhaKrishn Raasleela Part -692 | Bal, Bhujaaon Mein Nahin Buddhi Mein Hota Hai!",UCCy2rLnGdwoJcSAtixNdsPQ,268145,8448,0,146,2023-08-01T02:00:30Z,Entertainment
Anju à¤¨à¥ à¤¸à¥à¤®à¤¾ à¤à¥ à¤¬à¤¤à¤¾à¤¯à¤¾ à¤¸à¤! | Nasrullah | Alwar | Pakistan Police,UC7wXt18f2iA3EDXeqAVuKng,233562,0,0,0,2023-08-01T05:16:18Z,News & Politics
TV Shows That Got The Axe In 2022,UCP1iRaFlS5EYjJBryFV9JPw,218532,2501,0,506,2023-01-16T14:00:27Z,Entertainment
"Mewat Violence: à¤à¤²à¤¾à¤­à¤¿à¤·à¥à¤ à¤¯à¤¾à¤¤à¥à¤°à¤¾ à¤à¥ à¤¦à¥à¤°à¤¾à¤¨ à¤¹à¥à¤ à¤¬à¤µà¤¾à¤², à¤®à¤à¥ à¤à¤«à¤°à¤¾à¤¤à¤«à¤°à¥ ! | Haryana News",UCMk9Tdc-d1BIcAFaSppiVkw,211679,2263,0,816,2023-07-31T11:58:02Z,News & Politics
Helen Corry - Hardly Breathe (Official Music Video),UCmNI7I16YVMpYJ399XBt95g,205166,1238,0,56,2019-03-14T21:21:44Z,Music
"Jesse Watters Primetime 7/31/23 FULL HD | BREAKING FOX NEWS July 31, 2023",UCB4-PSPwb5j1d0Tak7Qzl0g,209880,4460,0,1323,2023-08-01T00:46:59Z,News & Politics
à¦¶à§à¦ à¦¹à¦¾à¦¸à¦¿à¦¨à¦¾à¦à§ à¦à¦¸à¦¾à¦®à¦¿ à¦à¦°à¦¾à¦° à¦¹à§à¦à¦¶à¦¿à¦¯à¦¼à¦¾à¦°à¦¿ à¦¦à¦¿à¦²à§à¦¨ à¦à¦®à¦¾à¦¨ | Amanullah Aman | BNP | Politics | Somoy TV,UCxHoBXkY88Tb8z1Ssj6CWsQ,203292,3665,0,382,2023-07-31T11:38:28Z,People & Blogs
"Nuh Mewat News : à¤¹à¤à¤à¤¾à¤®à¥ à¤à¥ à¤¬à¤¾à¤°à¥ à¤®à¥à¤ à¤à¤¶à¥à¤®à¤¦à¥à¤¦à¥à¤ à¤à¤¾ à¤à¥à¤à¤à¤¾à¤¨à¥ à¤µà¤¾à¤²à¤¾ à¤à¥à¤²à¤¾à¤¸à¤¾, à¤à¤¹à¤¾- à¤ªà¥à¤²à¤¿à¤¸ à¤¤à¥... | Hindi News",UCMk9Tdc-d1BIcAFaSppiVkw,246078,3518,0,1388,2023-08-01T09:00:15Z,News & Politics
"En panne, un avion de tourisme rÃ©ussit Ã  amerrir au large d&#39;une plage Ã  FrÃ©jus",UCsrPUA0ZSDCNZC6wyRlR7ZA,205649,1168,0,256,2023-07-31T12:30:24Z,News & Politics
Top 5 Survival Gear &amp; Tools You Must Have in 2022!,UCm4NMZNhZwi8tc3886te4pA,197002,3311,0,77,2022-02-01T15:15:00Z,People & Blogs
Jimmy Butler 41 Pts! Jayson Tatum 7 TOs Game 1! 2022 NBA Playoffs Celtics vs Heat Game 1,UCnzbVkknmqhRqUKg7RDTDeg,194572,9007,0,385,2022-05-18T08:25:38Z,Sports
"21 Tough Riddles Broke My Brain, See How You&#39;ll Do",UC4rlAVgAK0SGk-yTfe48Qpw,191262,3224,0,366,2021-06-30T04:00:02Z,Howto & Style
Ø£ÙØ´ Ø±Ø®ÙØµ | Ø§ÙØ®Ø¯ÙÙÙ Ø¹Ø¨ÙØªØ§Ø­,UCLEtezOEAiuSgBL3Nj-A-oA,190536,6988,0,338,2022-12-25T16:00:00Z,Entertainment
LEO STRONDA AVALIOU O SHAPE DO SUPER XANDÃO - ELE RECEBEU UMA PROPOSTA,UCGfrC6R2PSMeXv4hdhONB6Q,187533,34228,0,2128,2023-07-31T15:00:43Z,Sports
YOUTUBE JUST SHOWED OUT AND PUT US ON A BILLBOARD:â) #flyanaboss #youtubeshorts #evanblummadeit,UCwv-B-7FDgC9VIFzqCiwN-Q,194610,11933,0,274,2023-07-31T21:25:50Z,Music
ç²ç¢åäººå¸®åï¼éå°å¹³äº²èªç»é¨è¯·ä¸äººåºå±±ï¼ç´æ¥ç»ä»åå§ä¸»å¸­çä½ç½®ï¼ä»æ¯è°ï¼ãä¼ å¥ä¸­å½ã,UCdZODqE5Xo1mU8JvHWSf7Kg,174761,764,0,33,2022-04-15T14:15:24Z,People & Blogs
BOCIL KEMATIAN VS ALIEN ?! | Klara Tania #shorts,UC4rHBMP2rGPuFk9F-JlGzbQ,185878,10663,0,33,2023-08-01T04:40:00Z,Film & Animation
Lawrence: Trump co-defendant could save himself by telling Jack Smith about that phone call,UCaXkIU1QidjPwiAYu6GcHjg,204390,7466,0,1215,2023-08-01T03:56:18Z,News & Politics
Cheater accidentally told the truth!,UCJby9NAb3ek5gzqZ8SOl_3w,164276,5621,0,497,2022-07-28T20:07:56Z,Gaming
Nuh Violence: Haryana à¤à¥ à¤¨à¥à¤à¤¹ à¤®à¥à¤ à¤¹à¤¿à¤à¤¸à¤ à¤à¤¡à¤¼à¤ª à¤à¥ à¤¬à¤¾à¤¦ à¤­à¤¾à¤°à¥ à¤¸à¤à¤à¥à¤¯à¤¾ à¤®à¥à¤ Police à¤¬à¤² à¤à¥ à¤¤à¥à¤¨à¤¾à¤¤à¥,UC9CYT9gSNLevX5ey2_6CK0Q,163769,1600,0,559,2023-08-01T02:45:36Z,News & Politics
The EVIL BABYSITTTER Makes DJ &amp; Kyrie DRINK McDonald&#39;s GRIMACE SHAKE | The Prince Family Clubhouse,UCqONv8hrKKTd0ELJcxOVNJQ,172921,1649,0,103,2023-08-01T00:15:08Z,Entertainment
TV WOMAN REGRESA A SALVARNOS !!ð± SKIBIDI TOILET 54 - ExplicaciÃ³n Historia y Secretos,UCDp-aWLlOZUWwtG4c1maZKQ,190722,12549,0,1123,2023-08-01T01:49:50Z,Gaming
Ø¬ÙÙÙØ± Ø§ÙØªØ§ÙØªØ© - ÙØ±ÙÙ ÙØ±Ø¹Ø¨ ÙÙØ®ÙÙ ð.. Ø±Ø£Ù Ø¥Ø¨Ø±Ø§ÙÙÙ ÙØ§ÙÙ ÙÙ ÙÙØ±ÙØ§ØªÙ Ø§ÙØ£ÙÙÙ Ø¨Ø¹Ø¯ Ø¥ÙØ¶ÙØ§Ù Ø±Ø¶Ø§ Ø³ÙÙÙ Ø±Ø³ÙÙØ§,UCo2TvjBHS1BtyIkeGGTMe6w,159921,4033,0,141,2023-07-31T20:57:20Z,Sports
Motorola Edge 30 Ultra Unboxing and First Impressions,UC-8NKfvYQoZLYcwdU_gr4Cg,151969,1769,0,109,2022-09-08T19:17:23Z,Science & Technology
à´°à´¾à´¤àµà´°à´¿à´¯à´¿àµ½ à´µàµà´³àµà´³ à´µà´¸àµà´¤àµà´°à´ à´§à´°à´¿à´àµà´àµ à´±àµà´¡à´¿à´²à´¿à´±à´àµà´à´¿; à´­àµà´¤à´¿ à´ªà´°à´¤àµà´¤à´¿à´¯ à´¸àµà´¤àµà´°àµ à´ªà´¿à´à´¿à´¯à´¿à´²àµâ | Police | Kalady,UCP0uG-mcMImgKnJz-VjJZmQ,203999,2187,0,496,2023-08-01T05:40:39Z,News & Politics
Reza Pishro - Nirvana | OFFICIAL MUSIC VIDEO Ø±Ø¶Ø§ Ù¾ÛØ´Ø±Ù - ÙÛØ±ÙØ§ÙØ§ |â ÙÙØ²ÛÚ© ÙÛØ¯ÛÙ,UCMuExOeiiefMDbzRa3rvQkw,150058,10836,0,5381,2023-07-31T16:57:03Z,Music
At Easter (Official Trailer) - Hillsong Worship,UC4q12NoPNySbVqwpw4iO5Vg,145819,2488,0,107,2021-03-06T03:27:21Z,Music
College girl hooks up with a MILF | Leighton &amp; Chloe,UCTm3o6xDf2JJ7SBgNr6mWDg,144064,2215,0,126,2021-11-20T09:02:10Z,Entertainment
ð´Ð¢ÐÐÐÐÐÐ¦Ð¯ ÐÐÐÐ£ÐÐÐÐÐ! ÐÐ¡Ð£ Ð¾Ð±ÑÐºÑÐ°Ð»Ð¸ Ð½Ð° Ð¼ÑÐ»ÑÑÑÐ´Ð¸ - ÐÐ£ÐÐ Ð¡ÐÐÐÐÐÐ. ÐÐ¾Ð²Ðµ ÑÑÑÐµÐ½Ð½Ñ ÐÐÐÐÐÐ¡Ð¬ÐÐÐÐ - ÐÐ¾ÑÐ´Ð¾Ð½,UCMp5Buw-6LpbbV9r9Sl_5yg,145323,5308,0,621,2023-07-31T14:30:03Z,News & Politics
Karan Johar Exclusive Interview with Anupama Chopra | Rocky Aur Rani Kii Prem Kahaani,UC55os7K-eMLTJy_aXzm5sHw,140558,3800,0,507,2023-07-31T14:51:53Z,Entertainment
Made in Heaven Season 2 - Official Trailer | Prime Video India,UC4zWG9LccdWGUlF77LZ8toA,164420,7271,0,354,2023-08-01T08:30:23Z,Entertainment
[#ëí¼ìì°ë¤] ìì¤ í´ê·¼ í MZ ë¬´ê² ë´ë ¤ëê³  ë¤ì´ì´í¸íë íë¬´í í¤í  ì§ì¥ë©´(a.k.a.í¤í  ë¬´ì§±ë©´) ë¨¹ë°©ð¤¤ | #ì íë¬´ MBC230728ë°©ì¡,UCiwQRG2sCcfjKkgxMEdJGPg,138658,991,0,43,2023-08-01T06:00:05Z,Comedy
RESTAURANDO POR COMPLETO UN HONDA NSX! Todo estÃ¡ saliendo mal ð« ,UC2IDkGu61j_mwNJOc54Sb5w,127131,7982,0,203,2023-07-31T23:01:14Z,Entertainment
ð®Ð¡ÐÐÐÐÐÐÐ Ð½Ð°ÑÐµÑÑÑ ÐÐ ÐÐÐ ÐÐ¥ÐÐ? / ÐÐ° Ð¡ÐÐÐÐÐÐÐÐ Ð»Ð¸ÑÑ Ð½ÐµÐ¼Ð°Ñ / Ð¨ÐÐÐ£Ð®Ð§ÐÐ ÑÐµÐ»ÑÐ±ÑÐ½ÑÑÐºÐ¸Ð¹ Ð¼Ð°Ð½ÑÑÐº,UCEC4D0dTTJr_EEnEJz15hnQ,149478,5205,0,184,2023-08-01T04:00:00Z,News & Politics
Australia Maritime Strategy,UCuTgY7OQxyvQ3XSMzs9wPmA,117022,4479,0,682,2021-11-30T11:48:03Z,Education
Kahani Kursi Ki: PM Modi à¤à¤° Sharad Pawar à¤à¤ à¤¸à¤¾à¤¥..à¤à¤µà¤¿à¤¶à¥à¤µà¤¾à¤¸ à¤ªà¥à¤°à¤¸à¥à¤¤à¤¾à¤µ à¤¸à¥ à¤ªà¤¹à¤²à¥ INDIA à¤à¥ à¤¸à¤¾à¤¥ à¤¬à¤¡à¤¼à¤¾ à¤à¥à¤² !,UCttspZesZIDEwwpVIgoZtWQ,135687,2331,0,194,2023-08-01T08:22:53Z,News & Politics
Swapping VAN LIFE for ISLAND LIFE | Living on a Remote Island with a Baby,UC3CxEBKx2l38nl1_SFsC2gg,114652,5240,0,361,2021-09-16T06:38:59Z,Travel & Events
Robleis y Thiago vuelven a Rocket League despues de meses...,UCG8eSYvOQUpb9HM8zU5d6xg,128348,14042,0,1248,2023-08-01T00:00:10Z,Gaming
å¹³åçãªå¹´åã»å®¶è¨æ¯åºã§ããå¹³åçãªæè³ã§ãéæã¡ã«ãªããã®ãï¼ããéã®åå¼·ãåç´ç·¨ãï¼ï¼ã¢ãã¡åç»ï¼ç¬¬365å,UC67Wr_9pA4I0glIxDt_Cpyw,120535,2545,0,105,2023-07-31T22:00:18Z,Entertainment
George Conway&#39;s advice for indicted Trump co-defendant,UCupvZG-5ko_eiXAupbDfxWw,119204,2458,0,748,2023-08-01T01:11:44Z,News & Politics
Jordan Peele&#39;s NOPE Is... (REVIEW),UCkFbAywlXz4W0BCle2eFyUw,109284,5896,0,574,2022-07-20T17:11:43Z,Entertainment
áá¨áá³á¼ááµá«(?)ááµááµáá´ áá¢á¸ ááµá¯áá§á¨ #ëìì¦ì¦_ìµì íìë°¤ìê³µì #Shorts l KBS 230728 ë°©ì¡,UCeLPm9yH_a_QH8n6445G-Ow,122544,2549,0,81,2023-08-01T04:40:19Z,Music
"Sawal Public Ka: Haryana, Delhi, UP à¤®à¥à¤ à¤­à¤¡à¤¼à¤à¥ à¤¹à¤¿à¤à¤¸à¤¾ à¤à¤¾ à¤®à¤¾à¤¸à¥à¤à¤° à¤®à¤¾à¤à¤à¤¡ à¤à¥à¤¨ ? | Hindi News",UCMk9Tdc-d1BIcAFaSppiVkw,100994,884,0,365,2023-07-31T15:29:51Z,News & Politics
Live Dance - à¤¦à¥à¤µà¤à¤° à¤à¤²à¤½ à¤®à¤²à¤à¤¿à¤¨à¤¿à¤¯à¤¾ | #Arvind Akela Kallu | New Bolbam Song 2023 | à¤à¤¾à¤à¤µà¤° à¤à¥à¤¤,UCedMGe38jDnHvi-4SmlqQHg,104763,3139,0,48,2023-08-01T00:30:08Z,Music
à¹à¸¡à¹à¸à¹à¸²à¹à¸à¹à¸¢à¹à¸²à¸..à¸à¹à¸²à¸à¹à¸à¹à¸à¹à¸² !! à¸à¸±à¸à¸à¸±à¸à¸à¹à¸­à¸à¹à¸²à¸«à¸¡à¸¹à¸à¸´à¹à¸ (à¸¥à¸°à¸à¸£à¸ªà¸±à¹à¸) - à¸à¸±à¸ à¸à¸±à¸ à¹à¸à¸à¹à¸à¸¥,UCCXcC4N_QmsPnB2kxUjwZlQ,105271,2319,0,84,2023-08-01T01:00:02Z,People & Blogs
Buddhadeb Bhattacharjee: à¦¬à§à¦¦à§à¦§à¦¦à§à¦¬ à¦¬à¦¾à¦¬à§à¦° à¦«à§à¦²à§à¦¯à¦¾à¦à§à¦° à¦à¦¨à§à¦¦à¦°à§ à¦ªà§à¦à¦à§ à¦à§à¦² à¦à¦¬à¦¿à¦ªà¦¿ à¦à¦¨à¦¨à§à¦¦,UCv3rFzn-GHGtqzXiaq3sWNg,125396,2527,0,484,2023-08-01T05:04:07Z,News & Politics
Mini vlog! Event &amp; trying out the viral Too Faced lip gloss ð #shorts,UC1OytqraeMWm-9Vs4F6V2ow,93256,2524,0,16,2021-08-31T16:00:15Z,Howto & Style
"Nuh Clash: à¤¨à¥à¤à¤¹ à¤¸à¥ à¤à¤ à¥ à¤¹à¤¿à¤à¤¸à¤¾ à¤à¥ à¤à¤¿à¤à¤à¤¾à¤°à¥, à¤à¥à¤°à¥à¤à¥à¤°à¤¾à¤® à¤®à¥à¤ à¤­à¥ à¤¹à¤¾à¤²à¤¾à¤¤ à¤¹à¥à¤ à¤¬à¥à¤à¤¾à¤¬à¥ | ABPLIVE",UCmphdqZNmqL72WJ2uyiNw5w,139524,807,0,253,2023-08-01T05:30:10Z,News & Politics
O QUE FALTA PARA O ANÃNCIO DE LUCAS? E ATÃ O RAUL SEIXAS APARECEU NO &quot;COMENTANDO COMENTÃRIOS&quot;,UC0GUaQ6lVzvu0FWklbsKFhg,90189,11303,0,376,2023-07-31T22:45:07Z,Sports
ÐÐ¾Ð¸ÑÐµÑÑ Ð´ÑÐ¾Ð½Ð¾Ð²? Ð ÐµÐ°ÐºÑÐ¸Ñ Ð¼Ð¾ÑÐºÐ²Ð¸ÑÐµÐ¹ Ð½Ð° Ð²Ð·ÑÑÐ²Ñ Ð² Â«ÐÐ¾ÑÐºÐ²Ð°-Ð¡Ð¸ÑÐ¸Â»,UCBzDAjLfvBUBVMMP6-K-y0w,107733,3969,0,1404,2023-08-01T06:00:16Z,News & Politics
GAMON DIKIT GAK NGARUH ! AJAK BTR VYN MAIN BARENG RRQ !!,UCDfcUKYZOjC0G-5uM0UwYTg,143147,4242,0,176,2023-08-01T03:17:28Z,Gaming
"Monfils Headlines; Murray, Tiafoe Play Doubles | Washington 2023 Day 1 Highlights",UCbcxFkd6B9xUU54InHv4Tig,82604,1583,0,97,2023-08-01T03:30:52Z,Sports
FULL EPISODE - 129 | à¤à¤®à¥à¤¤ à¤®à¤à¤¥à¤¨ | Amrit Manthan | Bairi Behna #starbharat,UCCy2rLnGdwoJcSAtixNdsPQ,98366,1910,0,17,2023-08-01T07:49:30Z,Entertainment
Jenseits der KÃ¶rpergrÃ¶Ãe: Federico entdeckt seine StÃ¤rken I 37 Grad,UC5jjaOwaYKbVzbJRQ9QjWTA,82060,827,0,232,2023-07-31T15:00:15Z,People & Blogs
Maxxine Dupri vs Valhalla - WWE RAW 7/31/2023,UCQWMcsQb99i1pJ9YnBC1DxQ,79938,1652,0,107,2023-08-01T00:57:54Z,Sports
à²à²à²¦à³à²°à²¨ à²à²à³à²·à³à²à³ à²à²¸à³à²°à³ à²²à³à²¯à²¾à²à²¡à²°à³..! à²®à²§à³à²¯à²°à²¾à²¤à³à²°à²¿ à²¨à²¡à³à²¦à²¦à³à²¦à³ à²à²¦à³à²à²¥à²¾ à²®à³à²¯à²¾à²à²¿à²à³ à²à³à²¤à³à²¤à²¾..?,UChYmSuQtdcVimTk7jmpq5rg,119321,8063,0,214,2023-08-01T06:04:26Z,Education
Prince Harry causes controversy in speech to the UN | Sunrise,UCMRq9ADyETX-Touo4Srph5g,72116,1424,0,969,2022-07-19T02:24:07Z,News & Politics
Three UFO Witnesses DROPPED OUT Of Hearing Last Minute After Phone Call From PENTAGON: Rep. Burchett,UCPWXiRWZ29zrxPFIQT7eHSA,75334,2056,0,707,2023-07-31T17:33:25Z,News & Politics
á ááá»á¢ááá¸áááá¼ááá¶áááááááá? | VANNDA - áá á·ááááá¶ (AMBITION) [Thank For 4M Subs] Reaction áá¶ááá½ááááááááá,UC07tzG2X0uC9vQTPuZd2X6w,83753,9279,0,238,2023-08-01T03:21:47Z,Entertainment
ã¤ãã«ãã¡ããã¤ã¯ã©å§ã¾ã£ã!!ã¯ã´ãã«æãæå¼·ã«ãã¾ãï½ï½ï½ï½ï½ï½ããã¤ã¯ã©ãããã¡ããã¤ã¯ã©ããã¯ã´ãã«ããããã¤ããã£ããã,UCtBWXrQqfd5EaVbhezbxopg,73948,4090,0,25,2023-08-01T10:15:42Z,Gaming
ÙØ³ÙØ³Ù Ø£ÙÙÙØ© Ø­Ø§Ù | Ø¬Ø¨ØªÙ Ø§ÙØ¹ÙØ¯ Ø¨Ø£Ø®ØªÙ,UCBAEVMr0li9YYF8IwZHfusw,67221,4130,0,24,2023-07-31T20:45:33Z,Entertainment
à¤à¤ Rose à¤à¥ Bouquet à¤®à¥à¤ Team CID à¤à¥ à¤à¥à¤¸à¥ à¤®à¤¿à¤²à¤¾ Bomb à¤à¤¾ à¤¸à¥à¤°à¤¾à¤? | CID | Tarika &amp; Abhijeet |31 July 2023,UCzXpAx4v6rFLYXkJZ5nmSvQ,62473,659,0,25,2023-07-31T17:15:01Z,Science & Technology
China Italy Relations: à¤à¥à¤¨ à¤à¥ à¤ªà¥à¤°à¥à¤à¥à¤à¥à¤ à¤®à¥à¤ à¤¶à¤¾à¤®à¤¿à¤² à¤¹à¥ à¤à¤° à¤à¥à¤¯à¥à¤ à¤ªà¤à¤¤à¤¾ à¤°à¤¹à¤¾ à¤à¤à¤²à¥? (BBC Hindi),UCN7B-QD0Qgn2boVH5Q0pOWg,58923,0,0,81,2023-08-01T02:30:16Z,News & Politics
Barbie keychain #shorts #tonniartandcraft #youtubeshorts #love #art #satisfying,UC1m_wJF-qJ_VnPQKNahOmjQ,74879,5336,0,143,2023-08-01T07:06:36Z,Howto & Style
DELIVERY DAY - McLaren Senna XP Hypercar 1 of 6 in the World - Part 2,UCVy9EZuX7Vv8CuyWP7J8YBw,54809,6130,0,104,2022-04-24T08:29:12Z,Autos & Vehicles
Parliament Monsoon Session LIVE | Delhi Ordinance Bill | Split In Congress | Pooja Dubey| Capital TV,UCGaOkbpMXx4j07kxQYpxFDA,59970,1874,0,79,2023-08-01T04:30:06Z,News & Politics
ÐÐÐ ÐÐÐÐ£Ð¥: ÐÐÐ¡ÐÐÐ£ Ð·Ð½Ð¾Ð²Ñ Ð°ÑÐ°ÐºÑÐ²Ð°Ð»Ð¸ Ð±ÐµÐ·Ð¿ÑÐ»Ð¾ÑÐ½Ð¸ÐºÐ¸ - ÐÐÐÐÐ Ð²Ð¸Ð±ÑÑÑ,UC0lnIB2qcArjFJPtq79WGZA,52057,1285,0,302,2023-08-01T04:58:00Z,News & Politics
Â¡Con GOL de EDISON FLORES! U 3-0 Mannucci,UCPtY99QUy6x-CvsmoGEJfsQ,50581,2183,0,49,2023-08-01T04:39:30Z,Sports
ç·ã«ãã°ããã¦ãã¾ã£ãç¾å°å¥³ã®åå¿ #shorts #Plottã¢ãã¡,UCo_nZN5yB0rmfoPBVjYRMmw,67137,3656,0,58,2023-08-01T07:00:07Z,Film & Animation
"Nuh Violence: 2 à¤¹à¥à¤®à¤à¤¾à¤°à¥à¤¡ à¤à¥ à¤¹à¤¤à¥à¤¯à¤¾, 4 à¤à¤¿à¤²à¥à¤ à¤®à¥à¤ à¤¸à¥à¤à¥à¤² à¤¬à¤à¤¦, à¤à¤à¤à¤°à¤¨à¥à¤ à¤ªà¤° à¤°à¥à¤; à¤¹à¤¾à¤ à¤à¤²à¤°à¥à¤ à¤ªà¤° à¤¹à¤°à¤¿à¤¯à¤¾à¤£à¤¾",UCmphdqZNmqL72WJ2uyiNw5w,48078,508,0,81,2023-08-01T09:30:08Z,News & Politics
ãå¤©åæçéä¸ãæçäºå§æ­è¿·åå¼·å¿æ·ï¼å§è¬ç·æå¥¹èèäººç¾¤çå­å¤±è²  @newsebc,UCR3asjvr_WAaxwJYEDV_Bfw,51006,278,0,23,2023-08-01T04:03:53Z,News & Politics
EDM TikTok Hay 2023 â« BXH Nháº¡c Tráº» Remix Hay Nháº¥t Hiá»n Nay - Top 15 Báº£n EDM TikTok Má»i Nháº¥t 2023,UCL2dtWBeCSiXB0mxg3lHEgA,51864,0,0,35,2023-07-31T23:01:31Z,Music
à®à®£à¯à®£à¯à®¤à®¿à®°à¯ à®¤à¯à®©à¯à®±à®¿à®©à®¾à®³à¯ | Kannedhirey Thondrinal Promo | Till 02nd August 2023 | Kalaignar TV,UC0SIHdEcfg4BsM8X5tixwHQ,45505,1033,0,22,2023-08-01T05:28:47Z,Entertainment
"&#39;à¦¨à§à¦¤à¦¾ à¦¬à§à¦à¦®à¦¾à¦¨à¦¿ à¦à¦°à§, à¦à¦°à§à¦®à§ à¦à¦à¦¨à§ à¦¬à§à¦à¦®à¦¾à¦¨à¦¿ à¦à¦°à§ à¦¨à¦¾&#39; | Shamim Osman | Narayanganj | Channel 24",UCHLqIOMPk20w-6cFgkA90jw,41652,1026,0,306,2023-08-01T08:30:00Z,News & Politics
"Ziya, KÄ±zlarÄ±na SÃ¶z GeÃ§iremiyor! | Veda Mektubu 21. BÃ¶lÃ¼m",UCXSeEGRRDX2WXSeCMsnYcfA,43295,460,0,32,2023-07-31T22:30:00Z,People & Blogs
å¼·ããï¼å®ç§ï¼ãªã§ããã¸ã£ãã³ãã¹ãã¤ã³æç ´!!!!ï½å¥³å­Wæ¯ ã°ã«ã¼ãC MD3 æ¥æ¬ vs ã¹ããã¤ã³ ã¬ãã¥ã¼,UC5SC8M_t0dS7jT732ixN8mw,45665,931,0,134,2023-08-01T02:56:45Z,Sports
Bareskrim Kembali Panggil Panji Gumilang soal Dugaan Penistaan Agama,UCzl0OrB3-ehunyotIQvK77A,40791,312,0,322,2023-08-01T03:28:33Z,News & Politics
Â¡Remontada increÃ­ble para quedarse con el triunfo este lunes en el Sin Palabras! | Venga La AlegrÃ­a,UCA2DauS90sMNx9jqK3wiuFQ,36040,566,0,590,2023-07-31T19:33:05Z,Entertainment
"PM Modi Pune Visit: à¤®à¤à¤¦à¤¿à¤° à¤®à¥à¤ à¤¦à¤°à¥à¤¶à¤¨, à¤ªà¤µà¤¾à¤° à¤à¥ à¤¸à¤¾à¤¥ à¤®à¤à¤ à¤¸à¤¾à¤à¤¾, à¤¸à¥à¤¨à¥ à¤ªà¥à¤à¤® à¤®à¥à¤¦à¥ à¤à¤¾ à¤ªà¥à¤°à¤¾ à¤¸à¤à¤¬à¥à¤§à¤¨ | R Bharat",UC7wXt18f2iA3EDXeqAVuKng,35450,0,0,52,2023-08-01T09:00:47Z,News & Politics
"Nuh Violence: Who Provoked, Who Threw First Rock? Internet Suspended, Section 144 Imposed",UCYPvAwZP8pZhSMW8qs7cVCw,35730,92,0,74,2023-08-01T05:47:21Z,News & Politics
"Pakistani Seema Haider à¤ªà¤° CM Yogi à¤à¥ à¤¦à¥ à¤à¥à¤, à¤²à¥à¤à¤à¥ à¤à¥à¤ à¤à¤à¥à¤¶à¤¨ ? | Sachin Meena |  Latest Hindi News",UCMk9Tdc-d1BIcAFaSppiVkw,32582,284,0,26,2023-08-01T02:12:53Z,News & Politics
Ø´ÙÙÙØ§ ÙÙØ§ Ø£ÙÙÙ Ø­Ø§Ø¨Ø© Ø£Ø¯ÙÙ Ø¹Ø§Ø¦ÙØªÙ ð¤©ÙØ¨Ø³Ø© Ø§ÙØ³ÙÙ Ù Ø²Ø±Ø¯Ø© Ù ÙÙÙ Ø§ÙØ³ÙØ³Ù,UCoAFqg8GCC3l44hX2Fv02Cg,33589,2994,0,434,2023-08-01T06:00:31Z,Education
ãã­ã·ã¢ææ°ãã¥ã¼ã¹ï¼8æ1æ¥ï¼ãã¢ã¹ã¯ã¯ã§âãã­ã¼ã³æ»æâç¸æ¬¡ã/ãã¼ãã³å¤§çµ±é âæµ·è»ã®æ¥âã«æ¼èª¬ããªã©,UCuTAXTexrhetbOe3zgskJBQ,59821,353,0,173,2023-08-01T05:07:37Z,News & Politics
"ð´LIVE : à®à¯à®à®¨à®¾à®à¯ à®à¯à®²à¯, à®à¯à®³à¯à®³à¯ à®µà®´à®à¯à®à¯ -  à®à®ªà®¿à®à®¸à¯ à®ªà¯à®à¯à®à¯ | à®¨à¯à®°à®²à¯ à®à®¾à®à¯à®à®¿à®à®³à¯ | OPS",UC-JFyL0zDFOsPMpuWu39rPA,45140,537,0,122,2023-08-01T06:46:58Z,News & Politics
Geo News Headlines 9 AM | 1st August 2023,UCSI18LsgS8_3rfyD98nVMbQ,32326,642,0,10,2023-08-01T04:05:07Z,News & Politics
Pune PM Modi Convoy :à¤ªà¥à¤£à¥à¤¯à¤¾à¤¤ à¤ªà¤à¤¤à¤ªà¥à¤°à¤§à¤¾à¤¨ à¤®à¥à¤¦à¥à¤à¤à¤¾ à¤¤à¤¾à¤«à¤¾ à¤ªà¥à¤°à¤¸à¥à¤à¤¾à¤°à¤¾à¤¨à¤¿à¤®à¤¿à¤¤à¥à¤¤ à¤¦à¤¾à¤à¤²,UCH7nv1A9xIrAifZJNvt7cgA,36026,949,0,24,2023-08-01T06:01:05Z,News & Politics
COMPREENDENDO OS PROPÃSITOS DE DEUS - Minuto com Deus de Hoje,UCudvBS4Uwo4HOQcEHnMsqLQ,29764,22635,0,5870,2023-08-01T08:00:10Z,People & Blogs
ãéº¥çæ½/èè²è å ±æ°èãè¬å¸æéé»¨èç&quot;éª¨çææ&quot;?é­æ­£äº®çå§å¹:éæ²å®å¢ï½é³åä»²&quot;åå®&quot;æ¥ä»»è¾²æ¥­é¨é· ç¶²è·¯ææ°æ°èª¿è¶éæ¼ 20230801 @CtiNews,UCpu3bemTQwAU8PqM4kJdoEQ,21856,2600,0,34,2023-08-01T01:07:20Z,News & Politics
ð¥Ð¡ÑÐ¾ÑÐ½Ð°Ñ Ð½Ð¾Ð²Ð¾ÑÑÑ! Ð¦ÐµÐ½ÑÑ ÐÐ¾ÑÐºÐ²Ñ ÑÐ½Ð¾Ð²Ð° Ð°ÑÐ°ÐºÐ¾Ð²Ð°Ð½: &quot;Ð²Ð·ÑÑÐ²Ð½ÑÐµ&quot; ÐºÐ°Ð´ÑÑ ÑÐ´Ð°ÑÐ°,UCKCVeAihEfJr-pGH7B73Wyg,33269,992,0,357,2023-08-01T08:15:01Z,News & Politics
"#1823. ì í¸ììë 80ë20, ì í¸ ìì´ë?? #shorts",UCH5U89kvHrVxxS80xpoOydw,25373,246,0,34,2023-08-01T04:00:00Z,Autos & Vehicles
Kabasarnas Jadi Tersangka Dan Ditahan,UCzl0OrB3-ehunyotIQvK77A,20166,86,0,58,2023-08-01T00:23:57Z,News & Politics
à¸à¸§à¸à¸à¸´à¸à¸à¸§à¸à¸à¸¸à¸¢ 010866,UCygWbILDfBfPN6xR3mrHXHA,20819,854,0,75,2023-08-01T05:40:05Z,Entertainment
First Training session in Orlando | Juventus On The Road,UCLzKhsxrExAC6yAdtZ-BOWw,19722,1797,0,101,2023-08-01T06:00:09Z,Sports
Very Un-Crosby-like ð² | Weird NHL #shorts,UCqFMzb-4AUf6WAIbl132QKA,17676,736,0,15,2023-07-31T19:00:18Z,Sports
FIR aur Bhootni | BakLol Video,UCQfE97UMDGgKCFb7iGM8Btg,20687,832,0,95,2023-08-01T05:30:09Z,Entertainment
å¤åäººçæåç¹å¥½ç©ï¼ä¿ç¾æ¯å¤ä»¤çå¿äº¤ç·å¥³æåï¼æ³åé®®èåç½å¶åå°ï¼³ï¼è«å¸¶æåå®¶ï¼ã#å°å§ä¸çå¨£ã20230718 å®æ´ç EP349 ç¾ç¾ç² å®å¥,UC-H0vfujGN6LDf8VW9YY2Eg,19812,195,0,6,2023-08-01T05:00:29Z,Entertainment
Bá»n tÃªn trá»m tháº£n nhiÃªn dá»¡ cá»ng nhÃ  dÃ¢n láº¥y trá»m xe mÃ¡y trong ÄÃªm á» Thá»§ Äá»©c,UC47WI-kZXFf0H_f7pvaNCEQ,18734,171,0,0,2023-08-01T09:00:06Z,News & Politics
&#39;à¦¬à¦¿à¦à¦¨à¦ªà¦¿ à¦à¦à§à¦° à¦à§à¦¹à¦¾à¦°à¦¾à§ à¦à¦¸à§à¦à§&#39; | Mirza Fakhrul Islam Alamgir | Somoy TV,UCxHoBXkY88Tb8z1Ssj6CWsQ,16656,332,0,35,2023-08-01T09:00:58Z,People & Blogs
new cycle bna di ð¥ºð¥º~wood working/art skill~wooden~#short #ytshort #newchinese #shortfeed,UCxndW47q4PKUstlPKzh1CBw,36595522,0,0,961,2023-06-10T05:31:19Z,People & Blogs
Prirodni lek protiv virusa i prehlade: Pije se samo pred spavanje!,UCJlYs20qh2f4MZd5VdjUwwQ,13755324,85585,0,1955,2022-02-07T16:15:04Z,Howto & Style
SWIMWEAR TRY ON HAUL,UCln85QTfPiZkfPyIUGg5-pg,5234736,50253,0,1931,2018-02-04T10:30:01Z,People & Blogs
NOOB vs PRO vs HACKER In COVER ORANGE 2!? (ALL LEVELS!) Prezley,UCoYZhAgYpUDnpnfHiHBwrsw,4594899,226,0,68,2022-02-11T07:00:13Z,People & Blogs
Cuales son sus galletas favoritas? ðâ¤ï¸ð @latiamaryjane,UCubB4RJhGFvqfP5z5t7Q0cQ,1322399,42255,0,74,2023-07-31T18:00:00Z,Entertainment
Crafty Kingdom Episode 1 &quot;Holy Grill&quot; - Princess Charli &amp; Princess Ashlee bake a rainbow recipe!,UCuapoB5ePKwiU7zFqc4-weg,1058230,1326,0,0,2017-08-17T12:00:06Z,Entertainment
How to Sneak Makeup into College / If My Mom Was the Principal!,UCnoCkR5yZ4q_q22uF9yxiQQ,1047426,14634,0,180,2021-05-04T18:00:04Z,Howto & Style
Trying to bake 100 hot cross buns in the home oven!!,UC5VhHrsp5bCyvx36Ky_KcEA,978543,94662,0,217,2022-04-20T07:29:37Z,People & Blogs
The new GTA update in a Nutshell..,UCmWuTGgH0ePB33biS1OA-BQ,843608,43520,0,1242,2022-03-17T14:42:35Z,Gaming
LUCKY BLOCK ONLY CHALLENGE With My GIRLFRIEND! Roblox Bedwars,UChgh78bcv6IVQ8HFQjoR-ow,839570,10341,0,1155,2022-01-16T21:55:19Z,Gaming
COOL INVENTIONS FOR YOUR GARAGE THAT YOU SHOULD SEE,UC6H07z6zAwbHRl4Lbl0GSsw,792860,5603,0,149,2022-02-23T13:00:18Z,People & Blogs
When he buys New Tshirt ð¤£ | Husband Vs. Wife - Part 41 | #shorts | Shorts Break,UCgJ5_1F6yJhYLnyMszUdmUg,1167655,92981,0,160,2023-08-01T03:37:50Z,Comedy
Basil barish se darraha heð | mere juice par hamlað,UCz0M2pV4jOUUQ88lOd2q08A,796533,58415,0,1966,2023-07-31T12:13:39Z,Entertainment
THE WEIRDEST MOUSE IN THE WORLD!,UCqsBym4OHrzSp0Nq1eZoMIA,709136,30086,0,1429,2021-11-21T14:16:36Z,Gaming
my new kill recordâ¦,UC-sjC5fKKsrpcZRJwlZJzZQ,693665,44932,0,1278,2022-03-03T19:08:22Z,Gaming
Ø´Ø§ÙØ¯ ÙÙÙ Ø±Ø¯Ù Ø§ÙØ¨Ø·Ù ÙØªØ­Ù ÙÙØ±ÙÙ Ø¹ÙÙ Ø§ÙØµØ­ÙÙØ© Ø­Ø¯Ø© Ø­Ø²Ø§Ù ÙÙ ÙØ§Ø¬ÙØ§ØªÙ ÙÙØµÙØª Ø§ÙØ³Ø­Ø§Ø¨Ù Ø¨ÙØ±Ø§Ø± ØºØ¨Ù,UCnDDEjh0Ert0l-smpCq9yGw,646661,11154,0,4618,2021-08-04T20:30:03Z,Entertainment
Forget failed Red Bull protest - Ferrari must blame itself for losing F1&#39;s Monaco GP,UCaTxfj0BzL-MaCy-YUqPRoQ,611191,13349,0,1557,2022-05-30T10:00:43Z,Sports
à¶à¶­à·à¶»à· à¶¶à¶­à· à·à¶½à·à¶±à· à¶¸à·à¶ à·à¶ à¶» à¶»à·à¶§ à·à·à¶±à·à¶à· à·à¶¯à¶±à·à¶± à¶´à·à¶½à·à·à¶±à·à¶¯ ð® Rice Cutlets Recipe for Tea Time Snack,UCrVkiG6Tt5y-yNjFOOGdb3Q,558468,10425,0,461,2020-09-25T10:19:23Z,People & Blogs
Fan má»m ð«¨ | Soanh Diá»p Channel #soanhdiep #soanhdiepchannel #shorts,UCE7eYNH2kK7gLFN5G88C3Mw,566023,19374,0,261,2023-07-31T14:05:06Z,People & Blogs
For those times when you just gotta #animation,UCC0aCrsMnk074Tg5JhDj8Qg,523101,91250,0,2356,2023-07-31T16:05:14Z,People & Blogs
"Boy Kristiano | FULL MOVIE | John Regala, Dick Israel | CineMo",UCNJ4O0LvYuMOiOvS-g6eADA,516507,3034,0,62,2023-07-28T12:00:08Z,Entertainment
3 Amazing SNACKS/LUNCH BOX Recipe for Kids | CookWithNisha,UCxSI_ScvntwbqmDD7VkspUQ,508611,21754,0,866,2021-03-20T08:30:01Z,Howto & Style
Best Plays From Jalen Green&#39;s High-Flying Rookie Year thus Far,UCVdI1EgrNeBp2EcDEXJ23TQ,487504,3638,0,221,2021-11-05T00:53:14Z,People & Blogs
"MEIN | Starting 7th August, Every Monday at 8 PM | ARY Digital | Ayeza Khan",UC4JCksJF76g_MdzPVBJoC3Q,478488,8426,0,557,2023-07-31T14:46:55Z,Entertainment
[Váº N PHá»¤NG CHI VÆ¯Æ NG] Táº­p 3 cut - CÃ¡i cháº¿t bÃ­ áº©n cá»§a VÃ¢n Phi,UCa7nN4PJjPLYoAAKp-JrX2g,440367,1513,0,141,2019-10-25T06:44:11Z,Entertainment
VIZIO Support | How to connect a VIZIO Sound Bar with HDMI,UC-jR_WgdaUrr7M974mXQlRg,441275,774,0,0,2020-09-17T00:15:27Z,Howto & Style
Equipo de rescate de coches de juguete,UCgiDJzKewLhUxdOmGstTGRg,419267,1863,0,0,2023-07-31T23:55:07Z,Entertainment
Meray Hi Rehna Episode 59 | Teaser  | ARY Digital Drama,UC4JCksJF76g_MdzPVBJoC3Q,396711,4921,0,60,2023-07-31T18:03:48Z,Entertainment
I Played Fake Mobile Game Ads so you never have to,UCRC6cNamj9tYAO6h_RXd5xA,367538,26838,0,596,2023-07-31T20:00:12Z,Gaming
"à¤à¤¬à¤°à¤¦à¤¾à¤° à¤à¥ à¤¢à¤¾à¤à¤à¥ à¤à¥ à¤®à¤¸à¥à¤à¤¿à¤¦ à¤à¤¹à¤¾, à¤à¤à¤à¤¾à¤® à¤¦à¥à¤à¤¨à¤¾ à¥¤ Navin Kumar",UC9ONsv_4hREc_3ajLMZZOSg,347461,15930,0,1447,2023-07-31T12:34:16Z,News & Politics
"DEMBÃLÃ LISTO para IRSE, Â¿50 o 100 millones? | GÃLER BAJA hasta 2024 | KANE el MÃS CARO del BAYERN",UCv1xjGi8KibuoOK8StRFCWg,334491,16829,0,670,2023-07-31T15:38:28Z,Sports
Why do NBA players DISRESPECT Giannis?,UCtG-elouHQdUnpN9cVLdltg,300019,9188,0,1927,2021-07-23T21:00:12Z,Sports
New Teej Song 2080- Bho Maya Chaidaina | Kabita | Gita | Eleena | Swostika |  Nepali Dance Teej Geet,UC83UVcUBhzz4KsWtK7P5lAQ,296587,3595,0,66,2022-06-25T11:35:19Z,Entertainment
STAYC(ì¤íì´ì¨) [TEENFRESH] Trailer Film #ISA,UCod5V2dpnpJLklGvVOv5FcQ,303241,7343,0,435,2023-07-31T14:00:00Z,Entertainment
Miles Bridges Arrested Day Before Free Agency! 2022 NBA Free Agency,UCnzbVkknmqhRqUKg7RDTDeg,284256,10518,0,1122,2022-06-30T05:12:40Z,Sports
Grillmeisterschaft 22 | Folge 1 | Adler Mannheim vs. KÃ¶lner Haie,UCQUKq6WIqWMBwWUGYdLHxQA,283666,118,0,8,2022-07-21T07:11:07Z,Entertainment
TMZ: &#39;Euphoria&#39; star Angus Cloud dead at 25,UCruQg25yVBppUWjza8AlyZA,279794,1888,0,920,2023-07-31T22:34:33Z,News & Politics
Dharma Guru Speech on Muslims | SRK News | Akshay Kumar | Kangana Ranaut Troll | MrReactionWala,UCzMexCw1zaHdDNRWlB7DLfw,276922,7292,0,417,2023-02-06T15:13:27Z,News & Politics
Sister Wives: Signs Janelle And Kody Secretly Split,UCE-J6hbhHnVJyASqIYcZaAw,266830,3307,0,812,2022-03-05T17:45:01Z,Entertainment
is DP-28 still Powerful? (PUBG MOBILE) Guide/Tutorial Tips and Tricks (1.7 Update Nerf),UCnrIE3mxTT9MshO8JTzuxeg,266472,15832,0,633,2021-12-30T04:43:33Z,Gaming
Bratapfeltorte als Geburtstagstorte | Backen mit Globus &amp; Sallys Welt #117,UCB2tp2DMKZrCzvyaPayMgHQ,263543,2706,0,142,2020-09-25T13:00:05Z,Education
[THÃM CUNG Káº¾] Táº­p 33 cut - Trá»nh ChiÃªu Nghi phÃ¡t hiá»n káº» hÃ£m háº¡i mÃ¬nh,UCa7nN4PJjPLYoAAKp-JrX2g,260942,629,0,70,2018-07-06T02:55:28Z,Entertainment
THE UMBRELLA ACADEMY Season 3 Ending Explained,UCGaE6BmH_h2eOo12binZ2Tg,259859,5398,0,1436,2022-06-22T16:03:28Z,Entertainment
9 Hottest Korean Dramas To Watch in January 2022! [Ft. HappySqueak],UCfnEmDUWC4m0k-tDDGVM2Uw,257429,3543,0,201,2021-12-18T13:47:49Z,Entertainment
What If We Filled Our Oceans Up With Lava?,UCphTF9wHwhCt-BzIq-s4V-g,257336,7748,0,1027,2021-01-14T17:00:12Z,Science & Technology
Eu Construi o TITANIC NO MINECRAFT,UCmhx7Q1WRB85e7bF-MHcehA,259345,10916,0,371,2023-07-31T18:00:06Z,Gaming
These NATURAL SHAMPOOS will give your hair the ULTIMATE DETOX | The No-Poo Method,UCXyq6UjvT4dWjMOOiKuBncA,254537,7270,0,1974,2020-12-14T06:30:03Z,Howto & Style
Broma en CDMX #shots #chilinypikin,UC4p1v_0mU2EM4hCjX8KiwwQ,254861,11822,0,42,2023-07-31T16:36:11Z,People & Blogs
15 Stages You Go Through After Your Exams,UCMG7DKIrpZoJlRLqYe9NtQg,248091,11584,0,520,2019-12-08T12:01:05Z,Entertainment
"Gareth Soloway: Bitcoin to target $9k, S&amp;P 500 to fall 25% in 2023, no early Fed rescue",UC9ijza42jVR3T6b8bColgvg,245452,8863,0,1099,2023-01-06T22:43:19Z,News & Politics
LOKI: What&#39;s Next for KANG in Ant-Man and the Wasp: QUANTUMANIA | Marvel Teaser BREAKDOWN,UCgMJGv4cQl8-q71AyFeFmtg,244525,6457,0,549,2021-07-26T17:04:13Z,Film & Animation
Riot just changed healing items,UC_kXrYB-00uPaJvpRVrMilg,243352,5782,0,880,2023-01-14T07:15:38Z,Gaming
"If You Touch This Bug, You&#39;ll Get an Electric Shock!",UC4rlAVgAK0SGk-yTfe48Qpw,241183,4966,0,567,2020-12-11T11:00:05Z,Howto & Style
Veg vs Non Veg - Rajma and Mutton | CookWithNisha,UCxSI_ScvntwbqmDD7VkspUQ,238340,9968,0,580,2021-05-27T08:30:01Z,Howto & Style
Ð®ÑÐ¸Ð¹ Ð¤ÐµÐ´Ð¾ÑÐ¾Ð². ÐÑÐ¾Ð±Ð»ÐµÐ¼Ñ Ð½Ð°ÑÑÑÐ¿Ð»ÐµÐ½Ð¸Ñ. ÐÐµÑÐµÐ´Ð° Ñ Ð®Ð»Ð¸ÐµÐ¹ ÐÐ°ÑÑÐ½Ð¸Ð½Ð¾Ð¹,UCzaqqlriSjVyc795m86GVyg,243841,15033,0,768,2023-07-31T16:00:11Z,News & Politics
GAK MANUK AKAL! NASI PADANG JUALAN DI MOBIL HARGA SUPER MURAH RASANYA ENAK BANGET!!,UC8rHUssNDJ9YEjfduAqJBmw,330507,12811,0,913,2023-08-01T04:38:00Z,Entertainment
Geo News Headlines 9 PM - OGRA - Price Hike | 31 July 2023,UC_vt34wimdCzdkrzVejwX9g,236754,2539,0,84,2023-07-31T16:42:25Z,News & Politics
THIS COULD KILL ME! ð± - My Player Story Mode! (Ep. 17),UCNWgHP_0lBoB8QqECjZTgoQ,229470,10664,0,465,2022-01-25T17:01:59Z,Gaming
Sáº¡t lá» ÄÃ¨o Báº£o Lá»c: Truy thÄng cáº¥p báº­c hÃ m cho 3 CSGT hy sinh,UCIW9cGgoRuGJnky3K3tbzNg,226936,690,0,1,2023-07-31T11:16:16Z,News & Politics
Is DÍÑÐ°bÍÐÐ¾ 4 dying? Path of Exile vs DÍÑÐ°bÍÐÐ¾ 4,UCQeRaTukNYft1_6AZPACnog,228061,5493,0,1180,2023-07-31T17:00:10Z,Gaming
4 Easy NAVRATRI VRAT Recipes for FASTING | CookWithNisha,UCxSI_ScvntwbqmDD7VkspUQ,217622,9655,0,457,2021-10-04T08:30:11Z,Howto & Style
Clarkson&#39;s Farm Season 2 Release Date Updates And More,UCTZMLdkNPCjlpedOVqPUdZw,205349,1641,0,64,2022-09-04T12:00:26Z,Entertainment
Draymond Green Jr Is Not Impressed With His Dad&#39;s Three Pointer!ð,UCTuLNC5RslLeRiIxedx3DJQ,205013,2940,0,133,2021-12-25T23:47:40Z,Sports
JERICHO SIMS The Next Human Highlight Reel ?! | New York Knicks,UC5WxBo-PRRaMCFWPXOcFRxA,200383,565,0,91,2021-10-17T09:31:24Z,Sports
"Yogi Adityanath on Gyanwapi: à¤¯à¥à¤à¥ à¤à¤¦à¤¿à¤¤à¥à¤¯à¤¨à¤¾à¤¥ à¤¨à¥ à¤à¥à¤à¤¾à¤¨à¤µà¤¾à¤ªà¥ à¤ªà¤° à¤¦à¤¿à¤¯à¤¾ à¤à¤¸à¤¾ à¤¬à¤¯à¤¾à¤¨, à¤¹à¥à¤ à¤µà¤¿à¤µà¤¾à¤¦ (BBC Hindi)",UCN7B-QD0Qgn2boVH5Q0pOWg,200593,0,0,1712,2023-07-31T14:36:54Z,News & Politics
How we SHOWER off a $50 Million Island  ðï¸ðð¦  Ep 50,UC9xZhGz3zZl3gv0IRfYhMDQ,198825,2780,0,118,2022-12-17T18:14:42Z,Travel & Events
Are There Snakes in Hawaii? Turns Out Yes But Special,UC4rlAVgAK0SGk-yTfe48Qpw,190512,0,0,239,2020-03-04T17:00:16Z,Entertainment
ç»è¯æ¡ Shoestring Fries,UCCKlp1JI9Yg3-cUjKPdD3mw,189699,5783,0,334,2021-11-17T19:18:52Z,Howto & Style
Nottingham Forest v Manchester United | Carabao Cup 22/23 | Match Highlights,UCsY7UM8d2sGHhWP_nj7WYjQ,189019,1537,0,126,2023-01-25T21:58:38Z,Sports
&#39;Strip their titles&#39; Bad news for Prince Harry and Meghan Markle | Sunrise,UCMRq9ADyETX-Touo4Srph5g,185826,3504,0,2231,2022-09-12T21:08:10Z,News & Politics
NBA 2K22 My Player Career - Part 6 - Pickup Game with D Wade,UC36MGPfPwOWafAXauiV4LdA,184639,4703,0,243,2021-09-19T22:00:15Z,Gaming
à·à·à¶±à·à· à·à· à¶¢à·à¶­à·à¶ à¶à·à¶º...à¶à¶¸à·à¶­à·âà¶ºà·à¶à·à¶ºà·à¶±à· à·à¶¯à·à·à· à¶­à·à¶»à¶«à¶ºà¶à·...,UCCK3OZi788Ok44K97WAhLKQ,133063,1128,0,475,2023-07-31T14:35:25Z,News & Politics
FIFA23 Wæ¯æ¥æ¬ä»£è¡¨æ¶ãæ¶ãããã¦æ¶ãããã«æ¶ãããªããã£ããæ¶ã®åªåæ¾é,UCx1nAvtVDIsaGmCMSe8ofsQ,128027,1356,0,0,2023-08-01T09:59:02Z,Gaming
"Nuh violence: à¤®à¥à¤µà¤¾à¤¤ à¤®à¥à¤ &#39;à¤®à¤¹à¤¾à¤¸à¤à¤à¥à¤°à¤¾à¤®&#39;, à¤à¤¿à¤¸à¤à¤¾ à¤ªà¥à¤²à¤¾à¤¨? à¤¦à¤à¤à¤¾ à¤­à¥à¤à¤¾à¤¯à¤¾, à¤¨à¥à¤¹ à¤à¥ à¤à¤¿à¤¸à¤¨à¥ à¤à¤²à¤¾à¤¯à¤¾? Haryana Updates",UCIvaYmXn910QMdemBG3v1pQ,122804,899,0,47,2023-08-01T08:37:55Z,News & Politics
à®à®©à¯à®©à®à¯à® à®à¯à®²à¯à®±à¯à®à¯à® ð | Modhalum Kaadhalum | Episode Preview,UCvrhwpnp2DHYQ1CbXby9ypQ,122168,1611,0,9,2023-07-31T14:48:08Z,Entertainment
Daily Horoscope | Rasi Palan | à®¨à®²à¯à®² à®à®¾à®²à®®à¯ à®ªà®¿à®±à®à¯à®à¯à®¤à¯ | à®°à®¾à®à®¿à®ªà®²à®©à¯ | 01.08.2023,UCYlh4lH762HvHt6mmiecyWQ,118580,3364,0,94,2023-08-01T02:23:28Z,News & Politics
PM Modi in Pune : à¤ªà¤à¤¤à¤ªà¥à¤°à¤§à¤¾à¤¨ à¤¨à¤°à¥à¤à¤¦à¥à¤° à¤®à¥à¤¦à¥ à¤ªà¥à¤£à¥à¤¯à¤¾à¤¤ à¤¦à¤¾à¤à¤² à¤¹à¥à¤¤à¤¾à¤ à¤à¥à¤°à¤¦à¤¾à¤° à¤µà¤¿à¤°à¥à¤§,UCH7nv1A9xIrAifZJNvt7cgA,150124,1709,0,554,2023-08-01T06:05:32Z,News & Politics
"Curfew Imposed In Nuh After Riots, VHP Rally In Minority Dominated Area",UCYPvAwZP8pZhSMW8qs7cVCw,111662,449,0,320,2023-08-01T04:43:11Z,News & Politics
Russia Ukraine War LIVE: Putin à¤à¥ à¤à¤¬à¥à¤¬à¥ à¤®à¥à¤ NATO à¤à¥ à¤¹à¤¥à¤¿à¤¯à¤¾à¤° |Zelenskyy |Jens Stoltenberg |World War-3,UCOutOIcn_oho8pyVN3Ng-Pg,100542,899,0,0,2023-08-01T00:40:33Z,News & Politics
Haryana à¤à¥ Nuh à¤®à¥à¤ à¤¶à¥à¤­à¤¾à¤¯à¤¾à¤¤à¥à¤°à¤¾ à¤à¥ à¤¦à¥à¤°à¤¾à¤¨ à¤¬à¤µà¤¾à¤² | Hindi News,UCMk9Tdc-d1BIcAFaSppiVkw,100459,1033,0,334,2023-07-31T14:37:55Z,News & Politics
"Padutha Theeyaga | Series 22 | 24th July 2023 | Full Episode | SP.Charan, Sunitha | ETV Telugu",UCSs9H1cyB3OHdy8wkit8ZKg,86454,1044,0,95,2023-07-31T17:45:00Z,Entertainment
Enishi&#39;s poker face is next level.,UCT2X19JJaJGUN7mrYuImANQ,81305,3721,0,34,2023-07-31T18:00:18Z,Entertainment
à¦¦à§à¦ªà§à¦° à§¨à¦à¦¾à¦° à¦¬à¦¾à¦à¦²à¦¾à¦­à¦¿à¦¶à¦¨ à¦¸à¦à¦¬à¦¾à¦¦ | Bangla News | 01 August 2023 | 2:00 PM | Banglavision News,UCA4y9g_GRdNrZLH_u5LLSdw,95366,1831,0,117,2023-08-01T08:52:15Z,News & Politics
A New Era for Tesla&#39;s Model 3 - Live Reveal with Elon Musk! Twitter Rebrands to X!,UCuTmRtHKkgwCpyIJn7nHckg,72011,3418,0,1,2023-08-01T11:07:20Z,People & Blogs
"CALLEJERO FINO, DUKI - ð¹ YO SOY EL RMX ð¹",UC2rWv1VOqOv2i2wgUc7UI_Q,71320,5865,0,126,2023-07-31T23:04:04Z,Entertainment
THáº¦Y BEO U40 ÄÃ TREND Táº®T NGUá»N VIETSUB SHUT DOWN BLACKPINK Táº I CONCERT BORN PINK HÃ Ná»I SIÃU HÃI,UC7YpZxY11CXmpenTdCu9uew,84287,4647,0,33,2023-08-01T07:15:05Z,Entertainment
ð´LIVE: à®à¯à®à®¨à®¾à®à¯ à®µà®´à®à¯à®à¯: à®à®ªà®¿à®à®¸à¯ - à®à®¿à®à®¿à®µà®¿ à®¤à®¿à®©à®à®°à®©à¯ à®à®£à¯à®¨à¯à®¤à¯ à®à®°à¯à®ªà¯à®ªà®¾à®à¯à®à®®à¯ | OPS | TTV Dhinakaran,UCat88i6_rELqI_prwvjspRA,64625,583,0,0,2023-08-01T05:19:05Z,News & Politics
David Raya or Aaron Ramsdale? ð¤ Craig Burley&#39;s skeptical of David Raya to Arsenal | ESPN FC,UC6c1z7bA__85CIWZ_jpCK-Q,61193,846,0,271,2023-07-31T23:32:41Z,Sports
Kaliveedu - Best Scenes | Full EP free on SUN NXT | 31 July 2023 | Surya TV Serial,UCHyU1e7YmhHgUnVwpP5hpYA,81364,641,0,13,2023-08-01T03:30:02Z,Entertainment
"ÐÑÑÐ¸Ð½ Ð¿ÑÐ¸Ð·Ð½Ð°Ð» ÑÑÐ¿ÐµÑÐ¸ ÐÐ¡Ð£: Ð¡Ð¾Ð»Ð¾Ð²ÑÐµÐ²Ñ ÑÑÐµÐ²Ð¾Ð¶Ð½Ð¾, Ð¿ÑÐ¾Ð¿Ð°Ð³Ð°Ð½Ð´Ð° Ð´Ð°ÐµÑ Ð·Ð°Ð´Ð½ÑÑ | ÐÐ²ÐµÐ·Ð´Ð°Ð½ÑÑÑÐµ",UCKCVeAihEfJr-pGH7B73Wyg,59350,2706,0,447,2023-08-01T10:00:42Z,News & Politics
"à¤®à¥à¤¦à¥à¤à¤¨à¤¾ à¤ªà¥à¤°à¤¸à¥à¤à¤¾à¤°, à¤¶à¤°à¤¦ à¤ªà¤µà¤¾à¤° à¤à¤¾à¤°à¥à¤¯à¤à¥à¤°à¤®à¤¾à¤²à¤¾ à¤à¤¾ à¤à¤ªà¤¸à¥à¤¥à¤¿à¤¤ à¤°à¤¾à¤¹à¤¿à¤²à¥? | PM Narendra Modi | Sharad Pawar | SA4",UC5MHSwQ2menwYF2DqKoJsZg,71675,547,0,105,2023-08-01T06:08:32Z,News & Politics
EXCELENTE NOTÃCIA! PEDRO TEVE REUNIÃO COM BRAZ E EMPRESÃRIOS E GARANTIU QUE VOLTA AOS TREINOS!,UCSPgbmRFJQ_IM7jkzgXxuIw,74182,5715,0,302,2023-08-01T02:25:59Z,Sports
à®à¯à®¯à®¾ à®ªà®£à¯à®±à®¤à¯ à®¤à®ªà¯à®ªà¯ à®¤à®¾à®©à¯ ð | Ponni | Episode Preview,UCvrhwpnp2DHYQ1CbXby9ypQ,56230,545,0,5,2023-07-31T16:04:24Z,Entertainment
"Tension Grips Delhiâs Haryana Suburb, After Nuh Clashes In Gurugram",UCYPvAwZP8pZhSMW8qs7cVCw,49364,201,0,57,2023-08-01T04:24:05Z,News & Politics
Luz mÃ¡s luz igual oscuridad #short,UCQX_MZRCaluNKxkywkLEgfA,50183,6853,0,51,2023-08-01T00:30:21Z,Science & Technology
"Aspirant Protests Against OSSC, Claims Ruling Govt. Forcing Us To Become Gopal Das",UC90RW5ZmBBqp4r2QIQxfACA,68141,4141,0,808,2023-08-01T07:04:00Z,News & Politics
à´µà´¿à´´à´¿à´àµà´à´¤àµà´¤àµ à´®àµàµ» à´²àµà´²à´¤àµà´¤à´¿àµ½ à´ªà´àµà´àµà´àµà´¤àµà´¤àµ à´®àµàµ» à´µà´¾à´àµà´à´¿ | à´à´à´¿à´ªàµà´³à´¿ à´¸à´®àµà´¦àµà´°à´¸à´¦àµà´¯ à´à´£àµà´à´¾à´àµà´à´¿ | SEAFOOD SADHYA,UC2zTRxJjjNYZpdXHk_blEHg,74289,2306,0,478,2023-08-01T07:07:00Z,Howto & Style
PM reage e suspeito morre baleado em tentativa de assalto a mercado | Primeiro Impacto (31/07/23),UC376n347Ob5Lwzq2WGzF1AA,46315,1357,0,468,2023-07-31T15:03:23Z,News & Politics
Thá»i sá»± Quá»c táº¿ sÃ¡ng 1/8. Äiá»u kiá»n Nga rÃºt vÅ© khÃ­ háº¡t nhÃ¢n chiáº¿n thuáº­t khá»i Belarus;kinh táº¿ EU u Ã¡m,UCmBT5CqUxf3-K5_IU9tVtBg,49335,331,0,31,2023-07-31T23:00:07Z,News & Politics
"Nuh Mewat News: à¤®à¥à¤µà¤¾à¤¤, à¤¨à¥à¤à¤¹ à¤¹à¤¿à¤à¤¸à¤¾ à¤à¤¾ à¤à¥à¤¨ à¤®à¤¾à¤¸à¥à¤à¤°à¤®à¤¾à¤à¤à¤¡? | Haryana | R Bharat",UC7wXt18f2iA3EDXeqAVuKng,52287,0,0,8,2023-08-01T08:53:40Z,News & Politics
ðè­çé²å±±éå¥å¤å¹´çåæ¬¡å°æ±ºï¼éä¸æ¬¡è­çä¸æåéèµ°äºï¼| æç ´èç©¹å¹´çª Battle Through the Heavens | Chinese  Animation Donghua,UCTUcByIBWdLTjXT7zrNiqvA,49074,995,0,18,2023-08-01T04:00:36Z,Film & Animation
å®ã¯åãã­ã®å¡è£å±ï¼ï¼ã¢ã¡å±ããã®å¤å£å¡è£ã®ä¾é ¼ãåãã¾ããï¼,UCD7-Ocp4InwPKzwiq_U-Abg,52143,3227,0,125,2023-08-01T09:00:01Z,Entertainment
à¸à¸±à¸à¸à¸² &quot;à¸à¸´à¹à¸à¸à¹à¸­à¸&quot; à¸à¸¹à¹à¸à¸±à¸ &quot;à¸à¹à¸²à¹à¸ªà¸£à¸µ&quot; à¸£à¸­à¸à¸±à¹à¸à¸£à¸¡à¸. - à¸ªà¸à¸´à¸ &quot;à¸à¸±à¸à¸©à¸´à¸&quot; à¸à¸´à¸à¸à¹à¸­à¸à¸à¸±à¹à¸à¸£à¸.à¸à¹à¸²à¸¡à¸à¸±à¹à¸§ | TOP HIGHLIGHT,UCeF5sxjXSdWq80n3RA9gBpw,57540,984,0,115,2023-08-01T05:55:00Z,News & Politics
PERDEU TUDO! PASTOR VALDEMIRO SANTIAGO PEDE PIX,UCk5BcU1rOy6hepflk7_q_Pw,41099,7183,0,568,2023-07-31T23:53:33Z,Entertainment
"à¤¡à¥à¤à¥à¤¯à¤¾à¤µà¤° à¤ªà¥à¤£à¥à¤°à¥ à¤ªà¤à¤¡à¥,à¤à¤³à¥à¤¯à¤¾à¤¤ à¤à¤®à¤à¤¾, à¤­à¤¾à¤·à¤£à¤¾à¤à¥ à¤®à¤°à¤¾à¤ à¥à¤¤à¥à¤¨ à¤¸à¥à¤°à¥à¤µà¤¾à¤¤, à¤®à¥à¤¦à¥à¤à¤¨à¥ à¤ªà¥à¤£à¥à¤¯à¤¾à¤à¤¾ à¤à¤¾à¤°à¥à¤¯à¤à¥à¤°à¤® à¤à¤¸à¤¾ à¤à¤¾à¤à¤µà¤²à¤¾!",UC54YdCc_k8Qu9ijZRoTJkOg,36904,507,0,57,2023-08-01T08:52:16Z,Music
No Internet Prank In Lone Wolfðð¨- Garena Free Fire,UCS5wKBMLOOn0l0wOSnspyZQ,36477,3078,0,106,2023-08-01T03:36:37Z,Gaming
ì¤ìê° íë ¨ ìì - íêµ¬ì±íê³¼ ê°ëë | ìµê°ì¼êµ¬,UCFL1sCAksD6_7JIZwwHcwjQ,31648,1103,0,111,2023-08-01T06:15:00Z,Entertainment
ãæ¯æ¥å¿çãå¡åªææ°é æ¸¬è·¯å¾åºç æ´é¢¨åå¾é è¿å°ç£ï½å¡åªé¢±é¢¨æ&quot;è¥¿åå­£é¢¨&quot; ä¸­åé¨é²é£æ¥åçéé¨  20230801 @CtiNews,UCpu3bemTQwAU8PqM4kJdoEQ,25480,295,0,18,2023-08-01T01:10:32Z,News & Politics
"âStones, bullets were found...â Haryana Home Minister alleges conspiracy behind Nuh violence",UCtFQDgA8J8_iiwc5-KoAQlg,25674,97,0,59,2023-08-01T05:49:11Z,News & Politics
à´à´¸àµà´±àµà´±à´¡à´¿à´¯à´¿à´²àµà´àµà´¤àµà´¤ à´ªàµà´°à´¤à´¿ à´®à´°à´¿à´àµà´àµ; à´®à´°à´¿à´àµà´à´¤àµ à´®à´®àµà´ªàµà´±à´ à´¸àµà´µà´¦àµà´¶à´¿ à´¸à´¾à´®à´¿ à´à´¿à´«àµà´°à´¿ | Malappuram,UCP0uG-mcMImgKnJz-VjJZmQ,28446,153,0,60,2023-08-01T07:29:25Z,News & Politics
Top News: à¤à¤ªà¤à¥ à¤¶à¤¹à¤°-à¤°à¤¾à¤à¥à¤¯ à¤à¥ 100 à¤¬à¤¡à¤¼à¥ à¤à¤¬à¤°à¥à¤ | Nuh Violence | Haryana News | Delhi Ordinance | PM Modi,UCt4t-jeY85JegMlZ-E5UWtA,13632,172,0,19,2023-08-01T05:33:15Z,News & Politics
ãã©ã¤ãããããã°ã¢ã¼ã¿ã¼ææ°æå ±ãâæ°ããªçæâç¾å½¹å¾æ¥­å¡ãæ´åããç´è»ãè¨¼è¨ãããã°ã¢ã¼ã¿ã¼å´ã®åç­ã¯â¦/âæææ¿æ²»âãã­ã¤ã¤ã«ãã¡ããªã¼ãã¨ã¯ââãã¥ã¼ã¹ã¾ã¨ãã©ã¤ãï¼æ¥ãã¬NEWS LIVEï¼,UCuTAXTexrhetbOe3zgskJBQ,12867,77,0,0,2023-08-01T08:54:44Z,News & Politics
"54 Saksi Panji Gumilang Rampung Diperiksa, Ada Penetapan Tersangka?",UCzl0OrB3-ehunyotIQvK77A,14733,214,0,117,2023-08-01T09:44:27Z,News & Politics
Schnelles Eis-Sandwich Rezept von Steffen Henssler,UC6MePD-FOhqIelMJx-D99JQ,11395,883,0,47,2023-08-01T07:00:23Z,Howto & Style
TÆCÄ°LÄ°! Moskvaya zÉrbÉlÉr endirildi: mÉÅhur biznes mÉrkÉzi vuruldu,UCVf7OL0jKiO1OMHN_qaNf0w,12391,298,0,50,2023-08-01T06:37:28Z,News & Politics
ãã²ãããvsé´æ¨å®ç·â¡ãã¦ã¯ã©ã¤ãä¾µæ»ã§æ¿è«ï¼é´æ¨å®ç·ãè¡æã®åæ©ãæ³¨æãã¦ãè¦§ãã ãããã,UCG_oqDSlIYEspNpd2H4zWhw,12487,399,0,80,2023-08-01T11:00:10Z,Entertainment
"Amit Shah à¤¨à¥ Delhi Ordinance à¤ªà¤° Lok Sabha à¤®à¥à¤ à¤¬à¥à¤²à¤¾, &#39;à¤¦à¤¿à¤²à¥à¤²à¥ à¤¸à¥à¤µà¤¾ à¤¬à¤¿à¤² à¤¸à¤à¤µà¥à¤§à¤¾à¤¨à¤¿à¤ | Opposition | AAP",UCOutOIcn_oho8pyVN3Ng-Pg,10277,196,0,26,2023-08-01T09:34:14Z,News & Politics
#ATAV segunda temporada a las 23:15 - Avance CapÃ­tulo 82: Ana recibe una fuerte declaraciÃ³n,UChI8Os4Ut0kDtN6qNzWXhhw,11083,302,0,99,2023-08-01T03:55:01Z,Entertainment
El riesgo de hacer decir a la ConstituciÃ³n lo que no dice,UCOxQk41rWFLWLPAPP_as6uA,10738,671,0,70,2023-08-01T06:12:24Z,News & Politics
Wild Zoo Animals Toys Baby Mom Learn Animals Names Education Toys,UCL7UTQpJbDWxzXNBRUyg6lA,10228374,26531,0,0,2019-07-04T11:00:05Z,Entertainment
Agilent Seahorse XF T Cell Metabolic Profiling Kit,UCv_MeA0Opio0_NrD_BWIKwg,6119956,9,0,0,2022-04-28T15:39:53Z,Science & Technology
Biopharmaceutical software for LC/MS oligonucleotide analysis,UCv_MeA0Opio0_NrD_BWIKwg,4653095,7,0,0,2022-06-07T12:49:41Z,Science & Technology
Game of Thrones 8x06 Promo &amp; Featurette (HD) Season 8 Episode 6 Promo Series Finale,UCDR8cvjALazMm2j9hOar8_g,2857581,10498,0,5293,2019-05-13T01:46:39Z,Entertainment
Revealing the Truth: Conquering Toenail Fungus &amp; Restoring Deformed Toenails,UCwzCia9epdLaR7ZzT9ZgT2g,2813979,109260,0,792,2023-06-05T02:29:43Z,Entertainment
fortnite added a sniper shotgun,UC-sjC5fKKsrpcZRJwlZJzZQ,1849439,81530,0,5003,2022-02-01T14:30:41Z,Gaming
AFL PR AGENCY,UCJQiUVgtuSxyY3Yzz4MpwCA,1129388,566,0,16,2022-03-14T22:51:35Z,Sports
ð´ INTER MIAMI vs ORLANDO CITY EN VIVO â½ LEAGUES CUP - JUEGA MESSI | LA SECTA DEPORTIVA,UCBPasXWxj1DYJLqZktw_UWg,1048048,10422,0,0,2023-08-03T04:09:14Z,Sports
Cambridge A Level: Yun Xinâs gateway to the University of Cambridge,UCO3IZEx6CD5dLwsuqZgA63Q,922800,128,0,4,2020-10-28T11:04:01Z,Education
oh my god,UCDkl5M0WVaddTWE4rr2cSeA,871314,116336,0,5832,2023-08-02T19:03:49Z,Travel & Events
I Put FREE VBUCKS In My Fortnite Name!,UC-sjC5fKKsrpcZRJwlZJzZQ,812825,48772,0,3320,2022-02-09T17:54:19Z,Gaming
Savage - Full Song | Honey 3.0 | Yo Yo Honey Singh &amp; Nushrratt Bharuccha | Zee Music Originals,UCFFbwnve3yF62-tVXkTyHqg,815081,104477,0,18306,2023-08-03T05:00:14Z,Music
"à¦¦à¦°à¦à¦¾ à¦­à§à¦à§ à¦®à¦§à§à¦¯à¦°à¦¾à¦¤à§ à¦¨à§à¦°à§à¦° à¦¬à¦¾à¦¸à¦¾à¦¯à¦¼ à¦¤à¦²à§à¦²à¦¾à¦¶à¦¿, à¦à¦¾à¦°à¦£ à¦à¦¾à¦¨à¦¾à¦²à§à¦¨ à¦¡à¦¿à¦¬à¦¿ à¦ªà§à¦°à¦§à¦¾à¦¨ | Nurul Haq Nur | Channel 24",UCHLqIOMPk20w-6cFgkA90jw,741287,12214,0,2188,2023-08-02T08:09:16Z,News & Politics
The Flash 5x22 Sneak Peek &quot;Legacy&quot; (HD) Season 5 Episode 22 Sneak Peek Season Finale,UCDR8cvjALazMm2j9hOar8_g,683370,9787,0,1147,2019-05-11T01:08:23Z,Entertainment
Butterfly Wonderland | Uniquely Scottsdale,UC4OdfHtdQf7LSVigj-v0Beg,585030,30,0,3,2021-12-08T16:39:14Z,Travel & Events
Blackwoods - Technical &amp; Safety Specialties,UCfA8meUWjOmhLQKsUGnLOsQ,568818,7,0,2,2021-10-27T22:20:18Z,People & Blogs
NingÃºn Humano Puede Entrar AquÃ­,UCl8bYBm0XAP23mReE11IBOA,551361,36281,0,2074,2023-08-02T19:55:15Z,Entertainment
à¤à¥à¤¯à¤¾ à¤à¤¨ à¤¦à¤à¤à¥ à¤à¥ à¤ªà¥à¤à¥ &#39;à¤¸à¤¿à¤¸à¥à¤à¤®&#39; à¤à¤¾ à¤¹à¤¾à¤¥ à¤¹à¥ ? | Deepak Sharma | Modi | Shah | CJI Chandrachud |  |,UC6kMU8Kcb_BjV_b6k5j3Mdw,537323,30351,0,3422,2023-08-02T16:48:53Z,Entertainment
"CPMI - Dino, Eliziane e Gdias viram alvos. Os melhores momentos da sessÃ£o.",UCXRIQok8uzYtg1TPwSqikVg,508398,122462,0,6488,2023-08-02T10:17:01Z,Entertainment
"HIGHLIGHTS: Inter Miami CF vs. Orlando City | August 2, 2023",UCSZbXT5TLLW_i-5W8FZpFsg,510237,24521,0,1412,2023-08-03T04:30:30Z,Sports
Fortnite is BROKEN (Update),UCTgQTM6B97Tk5FPNOWZMB1Q,485126,17492,0,444,2022-05-24T14:12:16Z,Gaming
Great video ð - A beautiful moment #2287 - #SORAI_TV,UCbecl7WPEkiP8jw6TeXI36g,498264,10144,0,34,2023-08-02T13:30:33Z,Entertainment
ME ROBARON ESTO EN EL SUPER MARIO WORLD DE JAPON?ð­ #shorts,UCaK9J_lZbUjVixFHuP4vYag,471046,42209,0,175,2023-08-03T01:36:16Z,Entertainment
What If You Skydived Into a Tornado?,UCphTF9wHwhCt-BzIq-s4V-g,455069,8849,0,1074,2019-09-13T14:58:26Z,Science & Technology
Jamie Oliver&#39;s Butter Cauliflower Curry,UCtRsmgUJS3t2UNqyMuqgD9Q,398855,34,0,0,2021-10-01T03:29:47Z,Howto & Style
ëìì´ ìê¸´ ìì°ì ì¼ì ëê³µê°ð¼ [ìë ì íë¸] KBS 230801 ë°©ì¡,UCHI--ogXohWxjI0MecO-xUA,403481,5179,0,184,2023-08-02T09:00:37Z,Entertainment
HULK IS HERE (thicc),UCTgQTM6B97Tk5FPNOWZMB1Q,390895,13926,0,448,2022-12-08T15:30:21Z,Gaming
"Young Sheldon 1x10 Promo &quot;An Eagle Feather, a String Bean, and an Eskimo&quot; (HD)",UCDR8cvjALazMm2j9hOar8_g,385123,914,0,23,2017-12-29T02:10:25Z,Entertainment
Ethirneechal - Highlights | 02 Aug 2023 | Sun TV | Tamil Serial,UCBnxEdpoZwstJqC1yZpOjRA,397172,4482,0,79,2023-08-02T16:30:05Z,Entertainment
"Ben Simmons Doesn&#39;t Want Trade to Blazers, Raptors! Iguodala Back to Warriors! 2021 NBA Free Agency",UCnzbVkknmqhRqUKg7RDTDeg,383454,14720,0,1621,2021-08-06T16:19:55Z,Sports
KÄ±smetse Olur: AÅkÄ±n GÃ¼cÃ¼ 202. BÃ¶lÃ¼m TanÄ±tÄ±mÄ±,UCIehJzE4VrXFZow5I8nkNOQ,379995,4353,0,592,2023-08-02T19:00:20Z,Entertainment
à¸à¸§à¸à¹à¸à¸à¸¶à¸à¸à¸±à¹à¸§à¸«à¸±à¸§à¹à¸ à¸à¸·à¹à¸­à¸à¸­à¸à¹à¸à¸¢à¸±à¸à¹à¸ à¹à¸«à¹à¸­à¸¢à¸¹à¹à¹à¸¡à¹à¹à¸à¹ à¸à¸²à¸à¸à¸µà¹à¸­à¸²à¸à¸¡à¸µà¸à¸¸à¸ l EP.1464 l 2 à¸ª.à¸.66 l#à¹à¸«à¸à¸à¸£à¸°à¹à¸ª,UCXm0bpjlfB0AF-ZdPhT0K1A,378579,4180,0,934,2023-08-02T09:45:02Z,News & Politics
Bakers Delight in 1992â¦ | Celebrating 40 years of fresh bread!,UCdLOLpIxS0hEz5SqVh4XzVQ,357783,15,0,1,2020-09-02T01:03:06Z,People & Blogs
Guess the ZERO BUILD Gameplay!,UCTgQTM6B97Tk5FPNOWZMB1Q,324083,11629,0,382,2022-07-15T17:02:50Z,Gaming
Hear Nancy Pelosiâs message to Republicans following Trumpâs indictment,UCupvZG-5ko_eiXAupbDfxWw,368101,7670,0,5758,2023-08-02T22:17:29Z,News & Politics
The Lovato Crime Family Comes For Ethan &amp; TrueÂ Crime PowerPoint - Off The Rails #80,UCLtREJY21xRfCuEKvdki1Kw,383357,13204,0,1506,2023-08-02T23:41:50Z,Entertainment
Crush - Jasmit Kamal | JayB Singh | Rohit Negah | Savvy Singh | Latest Punjabi Song 2021,UCTQQxDHYMd-lLeyZtqTO9-Q,392826,1798,0,155,2021-08-06T08:32:13Z,Music
"AVATAR 2: The Way Of Water Official Trailer Breakdown | Easter Eggs, Hidden Details And Plot Details",UCq3hT5JPPKy87JGbDls_5BQ,371350,9310,0,1025,2022-05-09T14:05:03Z,Entertainment
Never Stop Learning at Melbourne Polytechnic,UClePEnOnePHra3IZRqpJMRQ,366677,14,0,0,2022-12-20T22:22:44Z,Education
Soldier spotted a drone and thought it was there to kill him. See what drone did instead,UCupvZG-5ko_eiXAupbDfxWw,360190,6719,0,1134,2023-08-02T17:36:00Z,News & Politics
ITZY &quot;CAKE&quot; Dance Practice (4K),UCDhM2k2Cua-JdobAh5moMFg,330575,39833,0,1207,2023-08-02T08:30:23Z,Entertainment
CHESS HISTORY!!!!!!,UCQHX6ViZmPsWiYSFAyS0a3Q,324430,17047,0,1004,2023-08-02T17:34:00Z,Gaming
Grey&#39;s Anatomy 14x08 Promo &quot;Out of Nowhere&quot; (HD) Season 14 Episode 8 Promo Winter Finale,UCDR8cvjALazMm2j9hOar8_g,316229,699,0,48,2017-11-10T02:02:52Z,Entertainment
Water Mission - Tommy&#39;s Express Car Wash,UCJ5hYPQ2x3un_jjtM6egPrQ,320448,66,0,1,2019-08-05T14:32:06Z,Autos & Vehicles
What If You Lived In a Closed Biosphere?,UCphTF9wHwhCt-BzIq-s4V-g,309899,9479,0,659,2020-11-29T17:40:31Z,Science & Technology
The Flash 6x01 Sneak Peek &quot;Into The Void&quot; (HD) Season 6 Episode 1 Sneak Peek,UCDR8cvjALazMm2j9hOar8_g,304917,6651,0,514,2019-10-08T16:01:48Z,Entertainment
el juego de los parques se empieza a poner interesante,UCFR2oaNj02WnXkOgLH0iqOA,305156,22252,0,640,2023-08-02T20:59:10Z,Gaming
FlightScope Mevo+ Simulation,UCNnNOqVS9LzDg-kLCF9IHWA,322710,9,0,5,2021-08-04T14:53:26Z,Sports
Building Asia&#39;s Largest Retractable Stadium,UCokeVZg4VaSLVBDiziJsMDA,292524,7308,0,1227,2021-11-06T03:41:37Z,Entertainment
Prime Elections 2022 ð´ 4K (110) || à¨­à¨à¨µà©°à¨¤ à¨®à¨¾à¨¨ à¨à¨¿à¨µà©à¨ à¨à¨²à¨¾à¨à¨à¨¾ à¨¸à¨°à¨à¨¾à¨° ?,UCztSIZEGBfWfC3Mq63QXnsA,288287,7575,0,654,2022-03-11T14:34:03Z,News & Politics
"Transforming Workplaces with Vital Spaces, Canada, English (short)",UCiJzesrQkwUa1MVxyONAKlw,287475,0,0,1,2021-02-19T18:23:05Z,Science & Technology
December 2022 Sneak Peek | Prime Gaming,UCPIp0jem85ZvqB8cPTj6WsQ,256453,287,0,107,2022-11-30T15:05:55Z,Gaming
Penjara jadi Babak Baru untuk Panji Gumilang | AKIM tvOne,UCER4rvDnRBPr_ncYW4UCZjg,255920,2459,0,1675,2023-08-02T14:30:08Z,News & Politics
Getting to know Blackwoods - Fasteners Specialists,UCfA8meUWjOmhLQKsUGnLOsQ,255255,4,0,0,2022-04-06T05:00:32Z,People & Blogs
Inspiring Inclusion at dentsu,UCHWvZpY4V53xNaV7_9TMORg,253355,2,0,0,2022-03-01T17:21:42Z,People & Blogs
å¤§éªã§ã®ã©ã¤ãåæ¥ã«ç¾å³ãããé£¯é£ã¹ã«è¡ã£ã¦ã¿ãï¼ãã¤ã¿ãªã¢ã³ã»ããç¼ãã,UCfvohDfHt1v5N8l3BzPRsWQ,255503,9920,0,836,2023-08-02T14:03:31Z,Entertainment
Prime Focus (1472) || à¨®à¨¾à¨¨ à¨¨à© CM à¨¬à¨£à¨à© à¨à¨ à¨à©à¨ à¨¬à¨¦à¨²à¨¿à¨,UCztSIZEGBfWfC3Mq63QXnsA,251338,8486,0,339,2022-03-17T01:00:10Z,News & Politics
Will Indonesia&#39;s Largest Technology Company Survive?,UCokeVZg4VaSLVBDiziJsMDA,247199,3234,0,568,2022-12-13T09:55:35Z,Education
Types of Minecraft Players during the Night,UC7fRN6v5Z0a1fwfbPFz49gQ,313206,46425,0,236,2023-08-02T21:41:51Z,Gaming
AMRABAT Transfer Plea! GREENWOOD Announcement! HOJLUND Announcement! Man Utd Transfer News,UCMmVPVb0BwSIOWVeDwlPocQ,236030,7400,0,480,2023-08-02T09:50:29Z,Sports
Samsung Galaxy Z Flip 5 - Fully Changed !,UCXUJJNoP1QupwsYIWFXmsZg,243263,15382,0,676,2023-08-02T15:26:30Z,Science & Technology
ð¨INTER MIAMI vs ORLANDO CITY en VIVO ð MESSI TITULAR en la LEAGUES CUP,UCiN40zpNQVWT9cUeahegtmA,229243,3169,0,0,2023-08-03T04:07:33Z,Sports
SoÃ±Ã© con el futuroð±ð¤¯ð°ð­,UC0gnpMXQFvO9YsRZ_2adXPA,227332,25606,0,1478,2023-08-02T18:09:10Z,People & Blogs
Prime Focus (1473) || à¨®à¨¾à¨¨ à¨¦à¨¾ à¨«à¨¾à¨°à¨®à©à¨²à¨¾ - à¨à¨¿à©°à¨¨à© à¨à© à¨à©±à¨¢à©à¨à¨¾ à¨µà©±à¨,UCztSIZEGBfWfC3Mq63QXnsA,222564,7434,0,324,2022-03-18T01:00:14Z,News & Politics
Here&#39;s Why Toyota&#39;s RAV4 2023 Will Shock Everyone,UCqFYonMui0nemny21XPhIgg,222000,1759,0,108,2022-06-25T19:15:00Z,Autos & Vehicles
Riot Games just got HACKED,UC_kXrYB-00uPaJvpRVrMilg,220394,6305,0,597,2023-01-20T22:10:53Z,Gaming
ENG SUBãå£¯å¿é«é£ New HorizonãEP10 | é³å¬æ©ã é­æ· | åµå¿ææ | KUKAN Drama,UCVm75cj78njo38Izz_suQQA,219240,1207,0,82,2021-06-03T12:30:03Z,Film & Animation
Black and White with Sudhir Chaudhary LIVE: Mewat Violence | Haryana Police | Nitin Desai Suicide,UCt4t-jeY85JegMlZ-E5UWtA,218825,3347,0,30,2023-08-03T01:25:14Z,News & Politics
"Prime Focus (1478) || à¨®à¨¾à¨¨ à¨¦à© à¨¨à¨¿à¨¶à¨¾à¨¨à© &#39;à¨¤à© à¨¨à¨¶à¨¾, à¨°à©à¨¤, à¨°à¨¿à¨¶à¨µà¨¤",UCztSIZEGBfWfC3Mq63QXnsA,214341,7582,0,357,2022-03-23T01:00:12Z,News & Politics
Start Music Season 4 | 6th August 2023 - Promo 1,UCvrhwpnp2DHYQ1CbXby9ypQ,217430,3556,0,37,2023-08-02T15:20:54Z,Entertainment
ÐÐ¼Ð¸Ð´Ð¶ÐµÐ²ÑÐ¹ ÑÐ¾Ð»Ð¸Ðº Exiteq 2021,UCOn4SDvji2dmKvuUgonFhUw,209886,15,0,4,2021-12-09T12:43:03Z,Science & Technology
ChoÃ¡ng Ngá»£p Bá» BÃ n Gháº¿ Gá» Khá»ng lá» Pháº¡m DÅ©ng táº·ng NhÃ  Phan Diá»m Än Háº£i sáº£n SiÃªu Ngon táº¡i Háº£i DÆ°Æ¡ng,UCHxOYOnx9wocECuPqM54q-g,273662,5501,0,1268,2023-08-02T23:00:02Z,People & Blogs
TÆ° Lá»nh TQLC Nga á» Kherson cÃ³ thá» ÄÃ£ tá»­ tráº­n. Madrid cÃ³ thá» cho Kyiv hÃ ng trÄm xe tÄng Leopard 2,UCdioDuMh5_afhGJTAkbQjdQ,203657,0,0,0,2023-02-03T21:00:22Z,Nonprofits & Activism
EASY Soft Rose Golden Eye Makeup Tutorial,UCrfr4PnqvdJO4KrYWg10CJw,202310,6406,0,162,2020-10-18T17:05:18Z,Howto & Style
Riot just changed fighter items,UC_kXrYB-00uPaJvpRVrMilg,199829,4974,0,1765,2023-01-13T23:37:45Z,Gaming
"Rahul Gandhi à¤¨à¥ à¤¤à¥ Supreme Court à¤®à¥à¤ à¤­à¥ à¤à¤¤à¤¨à¥ à¤¬à¤¡à¤¼à¥ à¤¬à¤¾à¤¤ à¤à¤¹ à¤¦à¥ , à¤à¤¬ à¤«à¤¼à¥à¤¸à¤²à¤¾ à¤à¥à¤¯à¤¾ à¤à¤¨à¥ à¤µà¤¾à¤²à¤¾ à¤¹à¥ ?",UCkquFW943phrj5RbNqtqj4w,240809,14442,0,1385,2023-08-03T05:23:25Z,News & Politics
iOS 16 Beta 3 - 25+ More New Features!,UCiQMYozSSTkJ2twtZM1bG9w,188815,4057,0,314,2022-07-09T13:07:12Z,Science & Technology
BEST Of GTA 5 Chaos Rainbomizer - Viewers Randomly Mod The Game In A Randomized Los Santos (#7),UCV6mNrW8CrmWtcxWfQXy11g,186509,7433,0,252,2022-04-09T16:04:33Z,Gaming
Ð¡Ð¨Ð Ð´Ð¾Ð»Ð¶Ð½Ñ ÑÐµÑÐ¾ÑÐ¼Ð¸ÑÐ¾Ð²Ð°ÑÑ ÐÐÐ¢Ð Ð¸ Ð²ÐºÐ»ÑÑÐ¸ÑÑ ÑÑÐ´Ð° Ð£ÐºÑÐ°Ð¸Ð½Ñ // â536 âÐ®ÑÐ¸Ð¹ Ð¨Ð²ÐµÑ,UCb2oej0JtxlnywlqoSiHHVQ,186893,23193,0,952,2023-08-02T20:12:27Z,News & Politics
Our new member @iampolar ð Welcome to the XO Fam ð¤,UClZAOlfhJQJRym39WoAPxdw,271075,22565,0,104,2023-08-02T15:35:05Z,Music
Sonepar-Weiterhelfer: FI/LS-Schalter 5SV1 von Siemens,UCRwEG5I2xrFPT9MYzYbVwiw,249088,30,0,0,2022-01-10T09:19:36Z,Science & Technology
à®®à®à®¿à®´à¯à®à¯à®à®¿.. à®®à®¿à®à¯à® à®®à®à®¿à®´à¯à®à¯à®à®¿.. ð  | Thamizhum Saraswathiyum | Episode Preview,UCvrhwpnp2DHYQ1CbXby9ypQ,257173,2986,0,36,2023-08-02T16:17:16Z,Entertainment
"à¤à¤µà¤¿à¤µà¤¾à¤¹à¤¿à¤¤ à¤à¤®à¤¾ à¤°à¥à¤¦à¥à¤ à¤¬à¤à¥à¤à¤¾ à¤²à¤¿à¤à¤° à¤à¤¨à¤¤à¤¾ à¤à¤¾à¤¨à¥à¤¨ à¤à¤¾à¤¹à¤¨à¥à¤à¤¨à¥ à¤à¤¾à¤°à¥à¤¯à¤à¥à¤°à¤®à¤®à¤¾,à¤¬à¤²à¤¾à¤¤à¥à¤à¤¾à¤°à¥à¤²à¤¾à¤ à¤«à¤¾à¤¸à¥, à¤°à¤¾à¤·à¥à¤à¥à¤°à¤ªà¤¤à¤¿à¤¸à¤à¤ à¤°à¥à¤·à¥à¤",UCL1Zr3XniRSwZOcqnpAKtfg,239392,7598,0,1069,2022-03-22T18:56:40Z,News & Politics
I Can See Your Voice Thailand (T-pop) | EP.05 | MILLI | 2 à¸ª.à¸.66 Full EP.,UC3ZkCd7XtUREnjjt3cyY_gg,235113,4675,0,199,2023-08-02T15:00:25Z,Entertainment
The Best Sci-Fi Movies Of 2020,UCP1iRaFlS5EYjJBryFV9JPw,229601,2836,0,126,2020-12-22T15:00:09Z,Entertainment
"Big Action On Nuh Mewat Violence Live : à¤¹à¤°à¤¿à¤¯à¤¾à¤£à¤¾ à¤®à¥à¤ à¤à¤²à¤°à¥à¤!, à¤à¤ à¤à¤ à¤¶à¤à¥à¤¸ à¤ªà¤° à¤¬à¥à¤¾ ACTION | Monu Manesar",UCttspZesZIDEwwpVIgoZtWQ,228549,1765,0,0,2023-08-03T01:17:34Z,News & Politics
Freedom AEOS Ends Australia Day 15&quot;,UCEHd_jYhQQKS5YVmpemaZlg,224453,3,0,0,2022-01-18T12:00:08Z,Howto & Style
The Flash 3x04 Inside &quot;The New Rogues&quot; (HD),UCDR8cvjALazMm2j9hOar8_g,214188,1284,0,145,2016-10-25T16:01:15Z,Entertainment
CE COUPLE EST DÃÃU | REACT | OCEANE,UC4sARR7WntqqQaOqJHeHnxA,216828,15998,0,502,2023-08-02T18:02:15Z,People & Blogs
Ferrari is SCAMMING their best clients!,UCefl-5pmhZmljwZTE2KrcdA,213713,14767,0,158,2023-08-02T13:00:28Z,Autos & Vehicles
ð´ NEW Peppa Pig 2023 | Peppa Pig Tales | All Episodes LIVE,UCAOtE1V7Ots4DjM8JLlrYgg,199135,1095,0,0,2023-08-02T10:34:02Z,Education
Prime Focus (1475) || (à¨®à¨¾à¨¨ à¨¸à¨°à¨à¨¾à¨° à¨¨à© à¨à©à¨¤à¨¾ à¨«à©à¨¸à¨²à¨¾) 25000 à¨¤à©à¨ à¨²à©±à¨à¨¾à¨ à¨¤à©±à¨ - à¨¨à©à¨à¨°à©à¨à¨ à¨¦à©à¨£ à¨¦à¨¾ à¨«à¨¼à¨¾à¨°à¨®à©à¨²à¨¾,UCztSIZEGBfWfC3Mq63QXnsA,197336,6558,0,420,2022-03-20T01:00:08Z,News & Politics
Highlights - Garuda United VS FC Barcelona | Garuda United U-17 Matchday,UCYqOeAXJm8yV9sJ8Ud3cR7A,194739,1685,0,897,2023-08-02T14:40:22Z,Entertainment
12 COOLEST PC &amp; LAPTOP ACCESSORIES That Are Worth Buying,UCSWZxpzUTkriCZRe0Nl0UqA,194012,4056,0,97,2020-06-22T16:00:13Z,Science & Technology
Le vrai visage d&#39;Inoxtag... Le Rewind de Twitch #125,UCnyR4T5qpgOrWGcQU6Jinkw,193919,11428,0,168,2023-08-02T14:30:03Z,Entertainment
21 Hard Riddles Will Roast Your Brain Like a Marshmallow,UC4rlAVgAK0SGk-yTfe48Qpw,185121,2488,0,168,2021-09-15T13:00:06Z,Howto & Style
Why You Shouldn&#39;t Use Free Wi-Fi on a Plane,UC4rlAVgAK0SGk-yTfe48Qpw,184739,4070,0,471,2019-10-21T11:00:07Z,Howto & Style
10+ Basic Yoga Poses That&#39;ll Change Your Body in 29 Days,UC4rlAVgAK0SGk-yTfe48Qpw,183716,0,0,481,2020-08-09T14:00:06Z,Entertainment
"HOUSE OF THE DRAGON Episode 4 Trailer Breakdown | Theories, Book Callbacks And GOT Easter Eggs",UCq3hT5JPPKy87JGbDls_5BQ,180539,4293,0,353,2022-09-05T16:00:33Z,Entertainment
Prime Focus (1420) || à¨®à©à©±à¨ à¨¦à¨¾ à¨¸à¨µà¨¾à¨² à¨¬à¨£à© - à¨à©à¨£ à¨ªà©°à¨à¨¾à¨¬ à¨¦à©,UCztSIZEGBfWfC3Mq63QXnsA,177368,5233,0,286,2022-01-21T02:00:10Z,News & Politics
IrmÃ£o de suspeito de matar PM da Rota no GuarujÃ¡ (SP) Ã© preso | Primeiro Impacto (02/08/23),UC376n347Ob5Lwzq2WGzF1AA,176979,3068,0,556,2023-08-02T14:12:25Z,News & Politics
Khit Thit ááááºá¸áá¬áá á©áá¯ááº á áááº ááááºáá­á¯ááºá¸ áá¯ááºáá¶ááááºá¸á¡áá®á¡áááº,UCktBWlYbAf4en-pWyyTqRwg,210378,8126,0,213,2023-08-03T02:10:59Z,News & Politics
ð Rainbow Friends DUM-O-METER! ð (Cartoon Animation),UCToxKVrkEuAONR4rFIJ_DyQ,238092,12615,0,118,2023-08-02T22:00:23Z,Film & Animation
Interview With Nikita - Head Of Escape From Tarkov,UC142-qvFgwSS6UIU-fFCd6w,171950,8701,0,958,2022-11-11T16:30:53Z,Gaming
Nuguri on why NA is losing Worlds,UC4C06RNLUt4B1P74UGBEXtw,171311,2940,0,370,2022-10-16T11:00:28Z,People & Blogs
Start Music Season 4 | 6th August 2023 - Promo 2,UCvrhwpnp2DHYQ1CbXby9ypQ,172296,2903,0,47,2023-08-02T15:21:50Z,Entertainment
Bernardaud - Porcelain gets a new twist | Dassault SystÃ¨mes,UCNGW_S871w3akMVcCd0wAbQ,167506,56,0,1,2020-10-01T03:04:44Z,Science & Technology
Prime Focus (1417) || à¨­à¨à¨µà©°à¨¤ à¨¦à© à¨²à¨¾à¨à¨°à© - à¨¬à¨¾à¨à©à¨à¨ &#39;à¨ à¨à¨²à¨¾à¨°à¨¾,UCztSIZEGBfWfC3Mq63QXnsA,167090,5576,0,386,2022-01-18T02:00:12Z,News & Politics
"Padamati Sandhyaragam | Ep 274 | Preview | Aug, 3 2023 | Jaya sri, Sai kiran, Anil | Zee Telugu",UC3PYGKK29qJ0zu-eEthHK4g,194223,2935,0,46,2023-08-03T04:00:24Z,Entertainment
DANCED IN THE RAIN ð§ï¸ #foryou #rain #murdermyfeelings,UC34Rt4YFAwwOz-7oXJ07Z8w,252916,46756,0,1367,2023-08-03T03:53:14Z,Comedy
Bruce Banner&#39;s Bittersweet Iron Man Memento In She-Hulk,UCP1iRaFlS5EYjJBryFV9JPw,158790,547,0,54,2022-08-20T18:00:28Z,Entertainment
"If My Heart Rate Increases, I EXPLODE",UCG6zBb8GZKo1XZW4eHdg-0Q,88575,8107,0,644,2023-08-03T02:59:29Z,Gaming
Benim GÃ¼zel Ailem 6. BÃ¶lÃ¼m,UC96MqQxE6x2g_yo_GGuJhDg,69463,1737,0,83,2023-08-02T22:00:45Z,Entertainment
ÐÐ°ÑÐ° Ð¸ ÐÐµÐ´Ð²ÐµÐ´Ñ ð¥ ÐÐÐÐÐ¯ Ð¡ÐÐ ÐÐ¯ 2023 ð¥ ÐÐ¾ÑÐºÐ¸-ÐÐ°ÑÐµÑÐ¸ ð¶ð¼ (ÑÐµÑÐ¸Ñ 115) ð±ââï¸ð» Masha and the Bear 2023,UCRv76wLBC73jiP7LX4C3l8Q,71809,1524,0,0,2023-08-03T06:00:12Z,Film & Animation
Building The Narendra Modi Stadium - The World&#39;s Largest,UCokeVZg4VaSLVBDiziJsMDA,56748,2460,0,409,2022-01-29T23:23:42Z,Education
20230803ç´æ­ï¼ä¸ºä¿éå®æ³æ´ªæ¶¿å·ï¼è§£æ¾åæ¥äºï¼æ¯æ¥å³å ¤çï¼ç°å®ççç½å¹æµ·å¸ãç¾å½è¿æ¹é¢åä¸­å½è±é©ï¼æ¶è´¹å¸ç«ç¶åä¸åºå»ï¼å¥½æï¼ä¸­å½çè·¯ä¸ºä»ä¹è¶èµ°è¶çªï¼ï¼20230803 ç¬¬1238æï¼,UCG6ADYIl4GxaQib1HKIsRNg,55290,2168,0,62,2023-08-03T04:40:33Z,News & Politics
Russia Ukraine War: à¤¯à¥à¤à¥à¤°à¥à¤¨ à¤à¤¾ à¤à¤à¥à¤ à¤¨à¤¾à¤à¤¾à¤®...à¤¶à¥à¤°à¥ à¤ªà¥à¤¤à¤¿à¤¨ à¤à¤¾ à¤à¤à¤¤à¤à¤¾à¤® ! | Putin | Zelenskyy,UCOutOIcn_oho8pyVN3Ng-Pg,53369,654,0,19,2023-08-02T18:17:46Z,News & Politics
The Ashes - 1st Test - Day 3 Highlights - Cricket 22 Gameplay,UCnGneEhfpadP64ukxmo_nyw,52932,1228,0,48,2021-12-10T07:00:08Z,Gaming
Victoria - A Golfing Great,UCJuNgoO_eXxab9r79W_O4Sg,52452,173,0,4,2022-02-02T20:45:10Z,Sports
Bigg Boss OTT 2 | BB Hotel - Family Reunion | New Episode - Everyday 9pm | JioCinema,UCFHhFwEdsLs2wuvh1YdChHw,55198,556,0,37,2023-08-02T16:28:29Z,Sports
NajvaÅ¾niji VITAMIN za uklanjanje UPALE Å½IVCA!,UCgyx8WXM9dLUN5J3GyQX5Mg,51320,2006,0,71,2023-07-29T17:30:07Z,Education
JAILER - Official ShowCase Trailer Reaction! | Superstar Rajinikanth | Anirudh | Nelson,UCwV_A5L1hhEVfld6Wbxn3jg,52142,4715,0,365,2023-08-03T05:00:01Z,Comedy
Itâs Getting HOT In The Classroom ð¥µ Wild âN Out,UCrkzfc2yf-7q6pd7EtzgNaQ,50529,1951,0,96,2023-08-02T20:00:14Z,Entertainment
enseÃ±ando modales a juhador de golemð,UC3fwcYRn_kq5xs4OP1ZiLkw,60631,7886,0,68,2023-08-02T21:15:02Z,Gaming
"Hainler kaybetti, AÅk kazandÄ± â¤ï¸ | Emanet 580. BÃ¶lÃ¼m",UCgzdfH1fq76l0YAZnoko4DQ,51144,1688,0,175,2023-08-02T17:00:13Z,Film & Animation
ãå¡åªé¢±é¢¨ãå¡åªèµ°å¤ªæ¢ãè§¸é¸æéå»¶å°åæãï¼çæ·éºæè«é¢æ´é¢¨åæé @newsebc,UCR3asjvr_WAaxwJYEDV_Bfw,50160,331,0,51,2023-08-03T05:00:30Z,News & Politics
"Adjis Doaibu Ditangkap Lagi, Kali Ini Mau Bantuin Pasukin! | LAPOR PAK! (02/08/23) Part 4",UC24_Z2L-8Ki183AI9zJJzNQ,57453,1479,0,111,2023-08-02T21:45:00Z,Entertainment
CNBC Awaaz | First Trade Live Updates | Business News Today | Share Market | Stock Market Updates,UCQIycDaLsBpMKjOCeaKUYVg,43385,239,0,0,2023-08-03T08:16:32Z,News & Politics
Gael Monfils vs Alexander Bublik | Washington 2023 Highlights,UCbcxFkd6B9xUU54InHv4Tig,49144,1271,0,111,2023-08-03T01:08:21Z,Sports
&quot;à¹à¸ªà¸£à¸µà¸à¸´à¸¨à¸¸à¸à¸à¹&quot; à¸à¸§à¸à¸à¸¸à¸à¸à¸¸à¸à¸à¹à¸²à¸§à¹à¸à¸¥à¹à¸«à¹à¸¢à¸à¹à¸«à¸§à¸&quot;à¹à¸¨à¸£à¸©à¸à¸²&quot; à¸¢à¹à¸³à¸£à¹à¸§à¸¡à¸à¸²à¸à¸à¸´à¹à¸à¸à¹à¸­à¸¡à¹à¸à¹ | à¸à¹à¸²à¸§à¹à¸à¸µà¹à¸¢à¸à¸­à¸¡à¸£à¸´à¸à¸à¸£à¹ | 3à¸ª.à¸.66,UCzMoibQRslh_1bTuW0YXc6A,43265,721,0,1130,2023-08-03T06:30:11Z,News & Politics
Padres vs. Rockies Game Highlights (8/2/23) | MLB Highlights,UCdhukF6o5_ENjbf_9oNGXNQ,39891,1227,0,76,2023-08-03T00:06:05Z,Sports
ÐÐ¾Ð²Ð¸Ð½Ð¸ Ð¢Ð¡Ð Ð·Ð° 3 Ð»Ð¸Ð¿Ð½Ñ 2023 ÑÐ¾ÐºÑ | ÐÐ¾Ð²Ð¸Ð½Ð¸ Ð£ÐºÑÐ°ÑÐ½Ð¸,UCXoJ8kY9zpLBEz-8saaT3ew,38948,345,0,0,2023-08-03T05:05:42Z,News & Politics
à¦à¦¤à§à¦¤à¦° à¦à§à¦°à¦¿à§à¦¾ à¦à¦¿ à¦¸à¦¤à§à¦¯à¦¿à¦ à¦ªà¦¾à¦°à¦®à¦¾à¦£à¦¬à¦¿à¦ à¦¹à¦¾à¦®à¦²à¦¾ à¦à¦¾à¦²à¦¾à¦¤à§ à¦ªà¦¾à¦°à§ à¦¯à§à¦à§à¦¤à¦°à¦¾à¦·à§à¦à§à¦°à§? à¦à¦¿ à¦à¦¿ à¦ªà§à¦°à¦¸à§à¦¤à§à¦¤à¦¿ à¦°à§à¦à§à¦à§ à¦¦à§à¦¶à¦à¦¿?,UCtqvtAVmad5zywaziN6CbfA,54015,1867,0,146,2023-08-03T07:00:12Z,News & Politics
à¶à¶¸à·à¶¸à· à·à·à¶³à¶§ à¶à·à·à· | new cafe in town | First Tuesday church rituals | Krisharyas day out with us,UCU4_oKvgrQDsvNjZgef30kg,42910,2325,0,105,2023-08-03T04:30:11Z,Music
I Paid 1.1 MIL To Have Fun In August,UC3VShdRR6vAp2FZIqoS4N1w,37198,1739,0,77,2023-08-02T21:45:02Z,Gaming
PENALTY SHOOT-OUT | Arsenal v AS Monaco (5-4) | Emirates Cup | Gabriel seals it after Ramsdale save!,UCpryVRk_VDudG8SHXgWcG0w,200018,5179,0,201,2023-08-02T21:36:13Z,Sports
LeBron James&#39; Best Breakaway Dunks of the 2022-23 NBA Season | #BestOfNBA,UCWJ2lWNubArHWmf3FIHbfcQ,35310,1235,0,115,2023-08-02T17:00:19Z,Sports
OperaÃ§Ã£o no RJ: tiroteio com traficantes deixa 10 mortos | Jornal da Band,UCoa-D_VfMkFrCYodrOC9-mA,46420,1522,0,342,2023-08-02T22:51:51Z,News & Politics
"Margareth fez as filhas passarem muito vergonha na carona! ð© | Que HistÃ³ria Ã Essa, Porchat? | GNT",UC0f866RMRdL5mSVnipiOHxg,33092,1909,0,24,2023-08-02T22:00:07Z,Entertainment
Ø³ÙØ±Ø© Ø§ÙØ¨ÙØ±Ø© (ÙØ§ÙÙØ©) ÙÙØ´ÙØ® Ø¹Ø¨Ø¯ Ø§ÙØ±Ø­ÙÙ Ø§ÙØ³Ø¯ÙØ³ ÙØ­ÙØ¸ ÙØªØ­ØµÙÙ Ø§ÙÙÙØ²Ù ÙØ¬ÙØ¨ Ø§ÙØ¨Ø±ÙØ© ØªÙØ§ÙØ© ÙØ§Ø¯Ø¦Ø© Sourah Baqara,UCkdyjOzo6jkrM2tvC4pnx7A,31263,461,0,0,2023-08-03T04:50:22Z,Entertainment
å®®ï¨é§¿ç£ç£ãåãã¡ã¯ã©ãçããããä¸»é¡æ­ ããããããç±³æ´¥çå¸«ãå°çåã Kenshi Yonezu - Spinning Globe,UCUCeZaZeJbEYAAzvMgrKOPQ,28948,5253,0,78,2023-08-03T04:08:01Z,Music
âà¹à¸­à¸à¸à¸µà¹à¸à¸·à¹à¸­à¹à¸à¸¢â à¸à¸±à¸à¸«à¸à¸±à¸à¸ªà¸±à¹à¸à¸ªà¸­à¸ âà¸ªà¸²à¸§à¸à¸à¹à¸²à¸§à¹à¸à¸¥â à¸à¸µà¹à¸à¸à¸µà¸à¸²à¸¢à¸à¸°à¹à¸à¹à¸à¸à¸°à¸à¸²à¸¢ | STALKER,UCeF5sxjXSdWq80n3RA9gBpw,33023,1742,0,466,2023-08-03T05:22:49Z,News & Politics
Final Faisla ToshaKhana Ka?  | Dunya News Headlines 10:00 AM | 03 Aug 2023,UCnMBV5Iw4WqKILKue1nP6Hg,21290,274,0,2,2023-08-03T05:42:46Z,News & Politics
ð¥ MBAPPE FICHARA PARA EL REAL MADRID âï¸#football #shorts #viral #shortvideo #mbappe,UC7XP5Z5UdOdYzje0i9ysJpA,19347,2411,0,51,2023-08-03T04:44:36Z,Sports
à¸à¸à¸.à¸«à¸²à¸à¸´à¸à¸à¹à¸²à¸à¸à¸²à¸£à¸à¸¥à¸¸à¸à¸à¸µ âà¸à¸±à¸à¸©à¸´à¸â à¸¡à¸²à¸à¸²à¸ à¸à¸°à¸£à¹à¸§à¸¡à¸£à¸±à¸à¸à¸²à¸¥à¸­à¸¢à¸¹à¹à¹à¸à¹ âà¹à¸à¸·à¹à¸­à¹à¸à¸¢âà¹à¸ªà¸µà¸¢à¸¢à¸µà¹à¸«à¹à¸­à¹à¸¢à¹-#WakeUpThailand,UCpHTAE2EOwWkWGnW2HY8gRw,25502,283,0,123,2023-08-03T01:30:14Z,News & Politics
"Seema Haider à¤à¥ à¤®à¤¿à¤²à¤¾ Film à¤à¤¾ à¤à¤«à¤°,à¤à¤¾à¤à¤µà¤µà¤¾à¤²à¥ à¤à¥à¤¶|Hindi News",UCMk9Tdc-d1BIcAFaSppiVkw,15465,169,0,19,2023-08-03T04:36:37Z,News & Politics
Nick reacts to Shaqâs GOAT List ð: âCurry doesnât show up on these 18 months agoâ | #NBA #shorts,UCOTPo2y-NHJjg1EuENrxypA,15427,488,0,42,2023-08-03T01:00:00Z,Sports
Wozo Vacances 2023 du 02 AoÃ»t 2023 (1Ã¨re demi-finale) avec Tata Nahomi,UCCihDvmcTRdmmV80wBznQOA,15252,369,0,22,2023-08-02T20:25:11Z,News & Politics
Live News :Nuh à¤à¥ à¤à¤¿à¤¸ Shiv Mandir à¤®à¥à¤ à¤«à¤à¤¸à¥ à¤¥à¥ à¤¹à¤à¤¾à¤°à¥à¤ Hindu à¤µà¤¹à¤¾à¤ à¤à¥ à¤ªà¥à¤à¤¾à¤°à¥ à¤¨à¥ à¤à¥à¤¯à¤¾ à¤¬à¤¤à¤¾à¤¯à¤¾ ? Hindi News,UCMk9Tdc-d1BIcAFaSppiVkw,14856,158,0,0,2023-08-03T07:58:18Z,News & Politics
"$592,000 POT!! He Has Tom Dwan &amp; Nik Airball in Bad Shape",UCQe7wB0o_cZgv1miyYB9TMA,15923,182,0,30,2023-08-03T04:38:21Z,Sports
à´¨à´¾à´®à´à´ªà´àµà´·à´¯à´¾à´¤àµà´°à´¯àµà´àµà´à´¿à´àµ à´ªàµà´²àµà´¸àµ à´¯à´¾à´¤àµà´°àµ à´¨à´¿àµ¼à´¦àµà´¶à´µàµà´ à´¨àµ½à´à´¿à´¯à´¿à´àµà´à´¿à´²àµà´²àµà´¨àµà´¨àµ -à´¶à´¾à´¸àµà´¤à´®à´âà´à´²à´ âà´®àµâà´¹àµ» | NSS,UCwXrBBZnIh2ER4lal6WbAHw,10389,104,0,67,2023-08-03T06:25:05Z,News & Politics
